latitude,longitude,acq_date,acq_time,frp,confidence,bright_ti4,bright_ti5,satellite,instrument,daynight
20.76082,85.2962,2026-09-19,716,5.76,n,328.08,294.18,N,VIIRS,D
20.78631,85.26122,2026-09-19,716,6.08,n,328.63,294.54,N,VIIRS,D
20.79428,85.25468,2026-09-19,716,10.3,n,343.01,294.15,N,VIIRS,D
20.88434,84.98519,2026-09-19,716,8.77,n,329.1,293.95,N,VIIRS,D
20.94941,86.04896,2026-09-19,716,6.62,n,338.38,294.56,N,VIIRS,D
20.95019,86.04843,2026-09-19,716,8.66,n,343.04,294.97,N,VIIRS,D
20.96249,85.19122,2026-09-19,716,5.75,n,333.07,294.78,N,VIIRS,D
20.96315,86.007,2026-09-19,716,3.36,n,329.33,292.22,N,VIIRS,D
21.07533,85.03733,2026-09-19,716,7.17,n,334.22,292.94,N,VIIRS,D
21.07825,85.03847,2026-09-19,716,14.23,n,350.45,292.89,N,VIIRS,D
21.07979,85.03632,2026-09-19,716,6.14,n,341.96,290.87,N,VIIRS,D
22.32001,82.5649,2026-09-19,716,3.52,n,327.47,292.39,N,VIIRS,D
22.3206,82.59199,2026-09-19,716,5.85,n,350.27,291.96,N,VIIRS,D
22.32345,82.5928,2026-09-19,716,5.69,n,342.72,291.82,N,VIIRS,D
22.36778,91.37329,2026-09-19,716,3.1,n,337.72,295.81,N,VIIRS,D
22.36836,91.37701,2026-09-19,716,3.1,n,339.05,295.76,N,VIIRS,D
22.37109,91.3727,2026-09-19,716,3.1,n,338.11,295.38,N,VIIRS,D
27.60483,96.284,2026-09-19,716,5.72,n,341.81,295.53,N,VIIRS,D
27.60801,96.281,2026-09-19,716,10.36,n,340.28,295.74,N,VIIRS,D
27.60894,96.28357,2026-09-19,716,6.08,n,340.85,295.14,N,VIIRS,D
27.66253,96.24951,2026-09-19,716,3.6,n,335.94,295.35,N,VIIRS,D
27.74719,96.31156,2026-09-19,716,2.58,n,330.3,295.96,N,VIIRS,D
29.51828,89.06348,2026-09-19,718,4.21,n,336.0,297.75,N,VIIRS,D
32.37519,81.0835,2026-09-19,718,6.35,n,341.12,300.98,N,VIIRS,D
7.95494,81.16589,2026-09-19,852,4.37,n,328.3,289.04,N,VIIRS,D
8.5822,78.07184,2026-09-19,852,2.12,n,338.98,293.08,N,VIIRS,D
9.87499,78.16687,2026-09-19,852,2.38,n,335.92,288.81,N,VIIRS,D
12.17125,76.61151,2026-09-19,854,5.45,n,333.49,294.97,N,VIIRS,D
13.367,75.90335,2026-09-19,854,3.99,n,331.76,290.68,N,VIIRS,D
14.10054,76.44862,2026-09-19,854,4.61,n,334.83,295.06,N,VIIRS,D
14.81415,76.36037,2026-09-19,854,6.72,n,339.11,296.77,N,VIIRS,D
14.81554,76.3573,2026-09-19,854,5.13,n,331.08,296.52,N,VIIRS,D
15.33132,75.15416,2026-09-19,854,4.86,n,341.35,294.16,N,VIIRS,D
21.09994,72.63522,2026-09-19,856,2.23,n,331.88,297.47,N,VIIRS,D
21.10412,72.63467,2026-09-19,856,2.23,n,340.84,297.51,N,VIIRS,D
21.10554,72.6468,2026-09-19,856,12.63,n,350.1,300.15,N,VIIRS,D
25.02102,68.22912,2026-09-19,858,3.33,l,338.4,310.07,N,VIIRS,D
25.105,68.05524,2026-09-19,858,2.58,l,339.24,310.43,N,VIIRS,D
25.94109,72.19331,2026-09-19,858,14.9,n,351.45,300.96,N,VIIRS,D
30.04756,71.87035,2026-09-19,858,4.29,n,338.31,299.94,N,VIIRS,D
31.21831,76.06273,2026-09-19,858,4.23,n,348.79,298.5,N,VIIRS,D
31.74733,75.04183,2026-09-19,858,2.34,n,329.33,298.21,N,VIIRS,D
33.29675,71.18625,2026-09-19,900,5.21,n,341.11,300.07,N,VIIRS,D
30.94856,97.36118,2026-09-19,1940,0.71,n,297.1,283.86,N,VIIRS,N
27.37895,95.33591,2026-09-19,1942,1.42,n,307.58,260.68,N,VIIRS,N
29.26378,91.92558,2026-09-19,1942,1.93,n,313.98,285.39,N,VIIRS,N
29.65742,90.90102,2026-09-19,1942,1.08,n,303.43,281.89,N,VIIRS,N
29.66036,90.90591,2026-09-19,1942,1.83,n,297.32,281.03,N,VIIRS,N
30.06908,96.97697,2026-09-19,1942,0.5,n,299.58,283.54,N,VIIRS,N
20.75848,85.29771,2026-09-19,1945,1.47,n,309.73,287.45,N,VIIRS,N
20.759,85.29333,2026-09-19,1945,1.47,n,306.38,287.26,N,VIIRS,N
20.78423,85.26575,2026-09-19,1945,1.58,n,313.1,287.45,N,VIIRS,N
20.78475,85.26138,2026-09-19,1945,1.58,n,315.06,288.21,N,VIIRS,N
20.79444,85.25397,2026-09-19,1945,6.19,n,338.33,288.87,N,VIIRS,N
20.80744,85.25566,2026-09-19,1945,2.9,n,321.02,289.5,N,VIIRS,N
20.86196,84.98734,2026-09-19,1945,0.95,n,311.98,288.0,N,VIIRS,N
20.86583,84.99248,2026-09-19,1945,3.08,n,306.79,288.38,N,VIIRS,N
20.86636,84.98807,2026-09-19,1945,1.21,n,308.13,288.59,N,VIIRS,N
20.88393,84.9828,2026-09-19,1945,1.71,n,321.32,289.1,N,VIIRS,N
20.88512,84.98122,2026-09-19,1945,2.25,n,326.2,288.85,N,VIIRS,N
20.88835,84.98338,2026-09-19,1945,1.71,n,308.27,288.67,N,VIIRS,N
20.88887,84.97883,2026-09-19,1945,2.27,n,305.54,288.52,N,VIIRS,N
20.88954,84.98176,2026-09-19,1945,2.25,n,314.01,288.74,N,VIIRS,N
20.94959,86.04742,2026-09-19,1945,1.57,n,314.35,287.93,N,VIIRS,N
20.95371,86.04803,2026-09-19,1945,1.57,n,309.29,287.78,N,VIIRS,N
20.95681,85.01095,2026-09-19,1945,2.2,n,305.88,289.34,N,VIIRS,N
20.96191,85.18964,2026-09-19,1945,1.98,n,317.46,289.38,N,VIIRS,N
20.96245,85.18526,2026-09-19,1945,1.98,n,314.09,289.27,N,VIIRS,N
20.96299,85.18086,2026-09-19,1945,1.42,n,307.1,289.27,N,VIIRS,N
20.96353,85.17641,2026-09-19,1945,1.42,n,309.38,289.55,N,VIIRS,N
20.96408,85.17196,2026-09-19,1945,2.36,n,309.85,289.55,N,VIIRS,N
20.96462,85.16748,2026-09-19,1945,2.36,n,316.33,289.55,N,VIIRS,N
20.96517,85.16301,2026-09-19,1945,2.49,n,312.34,289.33,N,VIIRS,N
20.96647,86.01376,2026-09-19,1945,1.31,n,311.62,287.35,N,VIIRS,N
20.96789,85.177,2026-09-19,1945,3.67,n,323.54,289.21,N,VIIRS,N
20.96844,85.17252,2026-09-19,1945,3.38,n,309.08,289.36,N,VIIRS,N
20.96891,85.175,2026-09-19,1945,2.35,n,327.86,289.57,N,VIIRS,N
20.96942,85.17052,2026-09-19,1945,2.44,n,306.04,289.23,N,VIIRS,N
20.97064,85.15461,2026-09-19,1945,1.97,n,312.06,289.16,N,VIIRS,N
20.97149,85.1526,2026-09-19,1945,1.47,n,309.59,288.99,N,VIIRS,N
20.97327,85.17558,2026-09-19,1945,2.35,n,305.15,289.25,N,VIIRS,N
20.97717,85.17365,2026-09-19,1945,1.06,n,308.98,289.14,N,VIIRS,N
20.97773,85.16917,2026-09-19,1945,1.06,n,308.18,289.3,N,VIIRS,N
20.97816,85.17166,2026-09-19,1945,1.54,n,311.76,289.46,N,VIIRS,N
21.0005,86.02509,2026-09-19,1945,1.42,n,309.61,288.08,N,VIIRS,N
21.07302,85.04753,2026-09-19,1945,1.07,n,307.63,289.26,N,VIIRS,N
21.07357,85.04292,2026-09-19,1945,1.07,n,308.06,288.99,N,VIIRS,N
21.07412,85.03835,2026-09-19,1945,4.28,n,306.16,289.63,N,VIIRS,N
21.07798,85.0435,2026-09-19,1945,1.07,n,307.46,289.27,N,VIIRS,N
21.07853,85.0389,2026-09-19,1945,4.28,n,340.02,290.64,N,VIIRS,N
21.07908,85.03436,2026-09-19,1945,4.28,n,319.84,290.2,N,VIIRS,N
21.75407,84.02509,2026-09-19,1945,3.89,n,307.12,286.35,N,VIIRS,N
21.75499,84.02237,2026-09-19,1945,3.77,n,310.51,286.73,N,VIIRS,N
21.76509,84.01818,2026-09-19,1945,1.67,n,311.22,286.69,N,VIIRS,N
21.76984,84.0188,2026-09-19,1945,1.67,n,303.92,286.08,N,VIIRS,N
21.84134,83.98376,2026-09-19,1945,0.88,n,303.03,285.4,N,VIIRS,N
21.92083,83.35331,2026-09-19,1945,1.35,n,301.47,272.74,N,VIIRS,N
21.92089,83.35318,2026-09-19,1945,1.58,n,303.36,274.17,N,VIIRS,N
21.92144,83.34727,2026-09-19,1945,1.35,n,304.2,274.36,N,VIIRS,N
21.92154,83.34715,2026-09-19,1945,2.37,n,305.56,274.82,N,VIIRS,N
21.92415,85.22125,2026-09-19,1945,1.49,n,303.88,288.91,N,VIIRS,N
21.92459,85.22404,2026-09-19,1945,1.87,n,304.13,289.05,N,VIIRS,N
22.01565,83.75361,2026-09-19,1945,0.98,n,299.01,273.93,N,VIIRS,N
22.03751,83.73325,2026-09-19,1945,2.1,n,300.04,276.58,N,VIIRS,N
22.13252,85.38329,2026-09-19,1945,1.09,n,307.44,289.45,N,VIIRS,N
22.1327,85.38155,2026-09-19,1945,1.18,n,307.79,289.32,N,VIIRS,N
22.36652,87.29972,2026-09-19,1945,2.59,n,306.98,276.61,N,VIIRS,N
22.57471,85.89317,2026-09-19,1945,2.23,n,305.92,289.07,N,VIIRS,N
22.79041,86.20361,2026-09-19,1945,1.43,n,305.67,289.88,N,VIIRS,N
22.79138,86.19534,2026-09-19,1945,1.79,n,305.82,290.12,N,VIIRS,N
22.79508,86.20007,2026-09-19,1945,1.43,n,311.66,289.68,N,VIIRS,N
22.7983,86.20878,2026-09-19,1945,2.04,n,325.46,289.3,N,VIIRS,N
22.79934,86.09099,2026-09-19,1945,1.7,n,322.28,289.96,N,VIIRS,N
22.87554,86.06346,2026-09-19,1945,1.18,n,309.2,289.71,N,VIIRS,N
23.48318,87.36514,2026-09-19,1945,1.39,n,305.43,288.11,N,VIIRS,N
23.48398,87.36385,2026-09-19,1945,2.32,n,310.19,288.33,N,VIIRS,N
23.48711,87.36575,2026-09-19,1945,1.39,n,305.23,288.01,N,VIIRS,N
23.55857,87.24297,2026-09-19,1945,2.73,n,321.33,289.67,N,VIIRS,N
23.55926,87.23745,2026-09-19,1945,2.73,n,312.81,289.45,N,VIIRS,N
23.56194,87.08469,2026-09-19,1945,2.05,n,308.21,289.59,N,VIIRS,N
23.58066,86.7249,2026-09-19,1945,1.01,n,309.53,289.16,N,VIIRS,N
23.61442,86.78979,2026-09-19,1945,1.65,n,308.91,283.88,N,VIIRS,N
23.63107,86.2945,2026-09-19,1945,1.04,n,304.48,289.94,N,VIIRS,N
23.64769,85.43773,2026-09-19,1945,3.29,n,323.96,290.48,N,VIIRS,N
23.66389,87.158,2026-09-19,1945,3.23,n,316.19,290.34,N,VIIRS,N
23.6644,86.91805,2026-09-19,1945,1.24,n,305.88,289.79,N,VIIRS,N
23.66458,87.15237,2026-09-19,1945,2.33,n,307.44,290.16,N,VIIRS,N
23.66723,86.09283,2026-09-19,1945,1.16,n,307.79,290.14,N,VIIRS,N
23.67064,86.93469,2026-09-19,1945,1.49,n,307.63,289.82,N,VIIRS,N
23.6738,85.32542,2026-09-19,1945,1.0,n,303.64,289.3,N,VIIRS,N
23.67435,86.39774,2026-09-19,1945,2.1,n,304.69,289.98,N,VIIRS,N
23.67675,86.08537,2026-09-19,1945,3.07,n,326.78,290.91,N,VIIRS,N
23.67852,86.3984,2026-09-19,1945,2.1,n,320.04,290.98,N,VIIRS,N
23.68002,86.09458,2026-09-19,1945,2.66,n,313.95,290.26,N,VIIRS,N
23.68152,86.08163,2026-09-19,1945,3.07,n,316.51,290.42,N,VIIRS,N
23.68319,86.3949,2026-09-19,1945,1.02,n,312.2,290.01,N,VIIRS,N
23.6837,86.3907,2026-09-19,1945,1.02,n,304.76,289.55,N,VIIRS,N
23.68579,86.08218,2026-09-19,1945,2.25,n,324.52,290.39,N,VIIRS,N
23.68787,86.39133,2026-09-19,1945,1.02,n,305.97,289.86,N,VIIRS,N
23.68871,87.12169,2026-09-19,1945,3.53,n,312.08,290.44,N,VIIRS,N
23.6915,87.09924,2026-09-19,1945,2.4,n,306.12,288.77,N,VIIRS,N
23.69271,87.1223,2026-09-19,1945,2.83,n,319.48,290.86,N,VIIRS,N
23.69341,87.11668,2026-09-19,1945,2.83,n,307.45,290.26,N,VIIRS,N
23.6948,87.10545,2026-09-19,1945,3.2,n,306.99,289.54,N,VIIRS,N
23.69607,85.28915,2026-09-19,1945,1.97,n,311.4,289.8,N,VIIRS,N
23.6962,87.0942,2026-09-19,1945,2.04,n,306.8,289.18,N,VIIRS,N
23.69631,85.36734,2026-09-19,1945,1.21,n,306.27,289.66,N,VIIRS,N
23.6996,86.07531,2026-09-19,1945,1.03,n,305.36,290.24,N,VIIRS,N
23.71056,86.44926,2026-09-19,1945,1.52,n,309.07,289.81,N,VIIRS,N
23.71098,86.4518,2026-09-19,1945,1.42,n,309.5,289.67,N,VIIRS,N
23.71145,86.44766,2026-09-19,1945,1.58,n,304.39,289.93,N,VIIRS,N
23.7136,86.42451,2026-09-19,1945,1.89,n,312.11,290.55,N,VIIRS,N
23.71422,86.454,2026-09-19,1945,1.3,n,306.1,289.81,N,VIIRS,N
23.71432,86.4229,2026-09-19,1945,2.21,n,310.27,290.38,N,VIIRS,N
23.71472,86.44988,2026-09-19,1945,1.52,n,306.47,290.03,N,VIIRS,N
23.71514,86.45243,2026-09-19,1945,0.72,n,305.89,289.76,N,VIIRS,N
23.71574,86.44164,2026-09-19,1945,1.11,n,303.78,289.47,N,VIIRS,N
23.7161,86.44417,2026-09-19,1945,2.19,n,305.05,289.66,N,VIIRS,N
23.71658,86.44003,2026-09-19,1945,2.07,n,304.06,289.33,N,VIIRS,N
23.71827,86.42102,2026-09-19,1945,1.89,n,317.17,289.81,N,VIIRS,N
23.7185,86.42349,2026-09-19,1945,1.07,n,305.78,289.57,N,VIIRS,N
23.71897,86.4194,2026-09-19,1945,1.07,n,309.58,289.71,N,VIIRS,N
23.72315,86.42001,2026-09-19,1945,1.07,n,304.98,290.56,N,VIIRS,N
23.72492,86.44128,2026-09-19,1945,2.41,n,309.54,290.1,N,VIIRS,N
23.73374,86.43837,2026-09-19,1945,1.31,n,305.56,290.76,N,VIIRS,N
23.73423,86.43424,2026-09-19,1945,1.16,n,305.06,289.68,N,VIIRS,N
23.73471,86.43014,2026-09-19,1945,1.16,n,305.13,289.73,N,VIIRS,N
23.7384,86.43486,2026-09-19,1945,1.16,n,317.89,290.68,N,VIIRS,N
23.73888,86.43074,2026-09-19,1945,1.16,n,303.99,289.95,N,VIIRS,N
23.75334,86.41614,2026-09-19,1945,2.58,n,321.65,289.96,N,VIIRS,N
23.75589,85.85554,2026-09-19,1945,1.61,n,311.61,290.89,N,VIIRS,N
23.75642,85.85103,2026-09-19,1945,1.61,n,305.25,290.27,N,VIIRS,N
23.75899,86.40429,2026-09-19,1945,2.23,n,318.32,290.14,N,VIIRS,N
23.75949,86.4001,2026-09-19,1945,2.23,n,313.49,290.3,N,VIIRS,N
23.7597,85.86057,2026-09-19,1945,2.04,n,311.83,290.27,N,VIIRS,N
23.76317,86.40493,2026-09-19,1945,2.31,n,326.8,290.4,N,VIIRS,N
23.76367,86.40073,2026-09-19,1945,2.31,n,310.01,289.93,N,VIIRS,N
23.76466,86.3924,2026-09-19,1945,3.69,n,311.67,291.22,N,VIIRS,N
23.76736,86.40551,2026-09-19,1945,2.31,n,324.2,290.85,N,VIIRS,N
23.76785,86.40134,2026-09-19,1945,2.31,n,316.02,290.57,N,VIIRS,N
23.77229,86.36391,2026-09-19,1945,2.46,n,320.56,289.97,N,VIIRS,N
23.77401,86.38538,2026-09-19,1945,1.67,n,307.87,290.15,N,VIIRS,N
23.7757,85.99969,2026-09-19,1945,0.83,n,306.51,290.22,N,VIIRS,N
23.77619,85.99534,2026-09-19,1945,0.83,n,306.44,290.41,N,VIIRS,N
23.77649,86.3645,2026-09-19,1945,1.58,n,315.49,290.46,N,VIIRS,N
23.77745,86.21059,2026-09-19,1945,1.5,n,313.33,291.32,N,VIIRS,N
23.7777,86.39017,2026-09-19,1945,1.67,n,326.19,290.73,N,VIIRS,N
23.77795,86.20632,2026-09-19,1945,1.5,n,308.37,291.02,N,VIIRS,N
23.77819,86.38602,2026-09-19,1945,1.67,n,305.84,290.09,N,VIIRS,N
23.77968,86.37348,2026-09-19,1945,1.23,n,304.69,290.36,N,VIIRS,N
23.78168,86.21125,2026-09-19,1945,1.5,n,311.76,291.01,N,VIIRS,N
23.78188,86.39079,2026-09-19,1945,1.41,n,309.05,290.14,N,VIIRS,N
23.78637,85.55461,2026-09-19,1945,1.07,n,305.23,290.34,N,VIIRS,N
23.79475,86.35445,2026-09-19,1945,1.35,n,313.48,290.11,N,VIIRS,N
23.79526,86.35024,2026-09-19,1945,1.74,n,309.79,290.26,N,VIIRS,N
23.79876,86.32096,2026-09-19,1945,2.23,n,304.5,289.96,N,VIIRS,N
23.79945,86.35086,2026-09-19,1945,1.74,n,309.7,290.4,N,VIIRS,N
23.80195,86.33002,2026-09-19,1945,2.69,n,321.79,290.73,N,VIIRS,N
23.80615,86.33062,2026-09-19,1945,1.4,n,309.47,290.27,N,VIIRS,N
23.82306,85.49478,2026-09-19,1945,2.26,n,305.51,291.05,N,VIIRS,N
23.82438,84.57207,2026-09-19,1945,1.35,n,305.34,287.49,N,VIIRS,N
23.82438,85.49805,2026-09-19,1945,1.47,n,305.11,290.66,N,VIIRS,N
23.82765,84.57129,2026-09-19,1945,2.87,n,305.36,287.5,N,VIIRS,N
23.82908,84.57273,2026-09-19,1945,1.35,n,305.7,287.56,N,VIIRS,N
24.11587,86.86176,2026-09-19,1945,1.4,n,315.21,291.4,N,VIIRS,N
24.11633,86.85782,2026-09-19,1945,1.4,n,305.37,290.98,N,VIIRS,N
24.19627,82.71576,2026-09-19,1945,1.56,n,309.59,286.5,N,VIIRS,N
24.202,82.7122,2026-09-19,1945,1.76,n,305.14,286.59,N,VIIRS,N
24.20562,82.71011,2026-09-19,1945,1.26,n,305.22,286.21,N,VIIRS,N
24.45077,83.03903,2026-09-19,1945,0.72,n,303.43,287.06,N,VIIRS,N
8.46131,80.4069,2026-09-19,1947,1.0,n,312.1,275.45,N,VIIRS,N
17.61139,83.20617,2026-09-19,1947,0.52,n,299.28,270.06,N,VIIRS,N
22.26406,75.13526,2026-09-19,2123,1.32,n,304.57,291.13,N,VIIRS,N
22.93186,69.69827,2026-09-19,2123,0.9,n,307.75,295.26,N,VIIRS,N
22.93537,69.69899,2026-09-19,2123,0.71,n,306.8,295.15,N,VIIRS,N
23.49619,68.57815,2026-09-19,2123,1.19,n,310.38,296.76,N,VIIRS,N
23.49956,68.57881,2026-09-19,2123,1.09,n,307.73,296.6,N,VIIRS,N
25.38747,68.58372,2026-09-19,2123,1.32,n,320.45,297.5,N,VIIRS,N
26.0959,68.87885,2026-09-19,2123,0.88,n,309.85,298.84,N,VIIRS,N
28.67086,77.56998,2026-09-19,2123,1.74,n,303.95,293.87,N,VIIRS,N
30.7815,70.03703,2026-09-19,2123,0.74,n,304.63,288.13,N,VIIRS,N
30.78482,70.03777,2026-09-19,2123,1.86,n,320.52,289.21,N,VIIRS,N
31.76974,70.10711,2026-09-19,2123,0.93,n,309.14,294.25,N,VIIRS,N
32.28888,70.74069,2026-09-19,2123,2.01,n,309.33,296.72,N,VIIRS,N
32.57703,72.56337,2026-09-19,2123,2.21,n,306.43,296.21,N,VIIRS,N
32.65368,70.47284,2026-09-19,2123,1.14,n,307.99,296.27,N,VIIRS,N
32.71655,72.77505,2026-09-19,2123,1.06,n,306.35,293.85,N,VIIRS,N
32.72195,72.92567,2026-09-19,2123,1.1,n,305.49,294.59,N,VIIRS,N
32.88978,71.61656,2026-09-19,2123,1.85,n,313.93,294.99,N,VIIRS,N
33.29573,71.18398,2026-09-19,2123,0.59,n,304.52,293.83,N,VIIRS,N
33.40656,71.94057,2026-09-19,2123,0.75,n,305.26,294.48,N,VIIRS,N
33.5452,71.55094,2026-09-19,2123,1.15,n,310.47,294.5,N,VIIRS,N
33.80135,72.09721,2026-09-19,2123,0.73,n,306.58,294.73,N,VIIRS,N
33.82858,72.83115,2026-09-19,2123,0.88,n,306.05,295.04,N,VIIRS,N
34.72952,73.10628,2026-09-19,2123,2.03,n,320.2,285.53,N,VIIRS,N
18.68543,73.0321,2026-09-19,2125,1.64,n,304.72,285.77,N,VIIRS,N
19.27939,71.42672,2026-09-19,2125,2.63,n,309.75,293.12,N,VIIRS,N
21.10284,72.64529,2026-09-19,2125,4.15,n,305.4,289.43,N,VIIRS,N
21.10453,72.63682,2026-09-19,2125,4.4,n,306.2,289.58,N,VIIRS,N
21.10623,72.65048,2026-09-19,2125,3.06,n,307.38,289.8,N,VIIRS,N
21.10708,72.64625,2026-09-19,2125,3.06,n,317.84,289.8,N,VIIRS,N
22.33592,69.86636,2026-09-19,2125,3.12,n,306.91,295.89,N,VIIRS,N
22.41644,69.03992,2026-09-19,2125,1.76,n,318.8,295.54,N,VIIRS,N
22.41989,69.0406,2026-09-19,2125,0.38,n,306.86,294.97,N,VIIRS,N
22.57542,70.22902,2026-09-19,2125,0.75,n,308.29,293.94,N,VIIRS,N
26.25618,74.09748,2026-09-19,2125,1.45,n,304.98,292.28,N,VIIRS,N
26.25745,74.09571,2026-09-19,2125,1.11,n,308.98,292.89,N,VIIRS,N
26.87618,73.51752,2026-09-19,2125,1.87,n,308.68,294.14,N,VIIRS,N
26.87696,73.5136,2026-09-19,2125,1.38,n,305.52,293.77,N,VIIRS,N
26.92768,73.46886,2026-09-19,2125,1.11,n,307.02,294.11,N,VIIRS,N
27.08077,73.81672,2026-09-19,2125,1.17,n,307.09,295.37,N,VIIRS,N
27.28626,73.84059,2026-09-19,2125,0.7,n,304.36,293.74,N,VIIRS,N
27.28754,73.83817,2026-09-19,2125,0.86,n,308.13,293.82,N,VIIRS,N
27.66952,76.12982,2026-09-19,2125,1.55,n,305.89,295.11,N,VIIRS,N
28.03899,69.66982,2026-09-19,2125,0.88,n,309.57,298.84,N,VIIRS,N
28.42353,69.70219,2026-09-19,2125,0.83,n,310.51,296.81,N,VIIRS,N
20.88891,84.97933,2026-09-20,657,1.25,n,327.25,278.36,N,VIIRS,D
21.07579,85.03978,2026-09-20,657,8.92,n,331.7,277.55,N,VIIRS,D
22.32036,82.59339,2026-09-20,657,7.81,n,342.69,285.06,N,VIIRS,D
22.32475,82.59406,2026-09-20,657,9.38,n,341.78,285.11,N,VIIRS,D
22.34153,97.84503,2026-09-20,657,9.14,n,333.85,300.41,N,VIIRS,D
22.34488,97.84447,2026-09-20,657,9.14,n,350.48,299.02,N,VIIRS,D
23.64931,96.19399,2026-09-20,657,7.0,l,330.17,305.1,N,VIIRS,D
23.93723,97.7634,2026-09-20,657,3.95,n,337.64,301.86,N,VIIRS,D
27.74629,96.12154,2026-09-20,659,2.76,n,331.33,291.04,N,VIIRS,D
27.75585,96.04725,2026-09-20,659,4.07,n,342.27,293.26,N,VIIRS,D
27.77244,96.04417,2026-09-20,659,9.26,n,346.68,292.81,N,VIIRS,D
28.12971,95.46777,2026-09-20,659,3.06,n,331.12,296.02,N,VIIRS,D
29.26811,91.92158,2026-09-20,659,3.16,n,336.68,302.04,N,VIIRS,D
8.81362,78.10622,2026-09-20,835,7.96,n,338.11,285.24,N,VIIRS,D
9.29924,77.76429,2026-09-20,835,3.52,n,331.95,295.62,N,VIIRS,D
9.77945,78.18136,2026-09-20,835,5.18,n,347.16,292.92,N,VIIRS,D
10.82826,79.18586,2026-09-20,835,2.84,n,339.68,298.65,N,VIIRS,D
11.03817,77.20752,2026-09-20,835,8.73,n,337.8,301.08,N,VIIRS,D
16.55261,75.60561,2026-09-20,835,5.6,n,340.67,304.4,N,VIIRS,D
17.01503,74.87815,2026-09-20,835,7.11,n,339.17,307.69,N,VIIRS,D
17.72023,74.63428,2026-09-20,835,1.87,n,336.32,300.69,N,VIIRS,D
18.53193,74.24606,2026-09-20,835,1.15,n,333.94,298.1,N,VIIRS,D
18.54997,74.39593,2026-09-20,835,3.68,l,330.68,300.86,N,VIIRS,D
18.57525,72.24057,2026-09-20,835,14.77,n,337.96,298.01,N,VIIRS,D
18.71877,74.53772,2026-09-20,835,3.98,n,336.29,299.66,N,VIIRS,D
19.36948,71.3559,2026-09-20,835,2.04,n,331.55,293.1,N,VIIRS,D
19.39204,74.96561,2026-09-20,835,1.98,n,331.84,298.09,N,VIIRS,D
15.32506,75.11153,2026-09-20,837,3.26,n,337.73,294.11,N,VIIRS,D
15.48758,76.01228,2026-09-20,837,7.88,n,340.38,297.1,N,VIIRS,D
15.7973,75.60358,2026-09-20,837,5.44,n,333.69,296.66,N,VIIRS,D
21.10412,72.63786,2026-09-20,837,7.96,n,336.66,298.19,N,VIIRS,D
21.10523,72.64537,2026-09-20,837,3.58,n,339.88,294.73,N,VIIRS,D
22.35748,82.30067,2026-09-20,837,4.28,n,336.21,288.11,N,VIIRS,D
22.35785,82.30502,2026-09-20,837,4.28,n,329.65,288.96,N,VIIRS,D
22.35828,82.30085,2026-09-20,837,4.82,n,336.27,288.63,N,VIIRS,D
22.35868,82.30519,2026-09-20,837,4.82,n,329.11,288.88,N,VIIRS,D
24.97649,68.16019,2026-09-20,837,19.94,n,345.04,313.11,N,VIIRS,D
25.02158,72.28376,2026-09-20,837,2.96,n,336.51,303.67,N,VIIRS,D
25.58311,68.89207,2026-09-20,837,2.41,l,333.81,307.59,N,VIIRS,D
25.87362,69.19485,2026-09-20,837,3.75,n,337.7,306.89,N,VIIRS,D
27.401,71.00533,2026-09-20,839,7.72,n,340.66,310.58,N,VIIRS,D
28.48732,69.32459,2026-09-20,839,5.89,l,336.0,309.1,N,VIIRS,D
28.94977,70.73747,2026-09-20,839,1.88,l,333.17,303.69,N,VIIRS,D
29.79971,72.76794,2026-09-20,839,3.29,l,330.89,302.11,N,VIIRS,D
30.198,68.4455,2026-09-20,839,0.5,l,332.01,306.57,N,VIIRS,D
30.6974,73.49574,2026-09-20,839,9.98,n,342.49,303.12,N,VIIRS,D
30.75927,74.28515,2026-09-20,839,5.59,n,339.53,301.31,N,VIIRS,D
30.99007,74.18749,2026-09-20,839,4.82,n,332.15,301.43,N,VIIRS,D
31.11418,74.65856,2026-09-20,839,4.02,l,331.53,302.08,N,VIIRS,D
31.1182,74.65797,2026-09-20,839,4.02,n,345.09,302.19,N,VIIRS,D
31.11909,74.62894,2026-09-20,839,3.88,n,341.27,302.12,N,VIIRS,D
31.12178,74.65333,2026-09-20,839,5.61,n,342.14,304.46,N,VIIRS,D
31.12493,74.68186,2026-09-20,839,2.39,n,339.98,305.72,N,VIIRS,D
31.1416,76.02649,2026-09-20,839,10.52,n,341.57,303.42,N,VIIRS,D
31.19417,75.01112,2026-09-20,839,4.43,n,344.31,301.75,N,VIIRS,D
31.33702,74.33772,2026-09-20,839,1.74,n,336.49,301.54,N,VIIRS,D
31.33864,74.33543,2026-09-20,839,9.81,n,345.65,304.52,N,VIIRS,D
31.34099,74.33713,2026-09-20,839,8.69,n,345.63,304.59,N,VIIRS,D
31.36599,76.0065,2026-09-20,839,2.25,l,331.51,303.14,N,VIIRS,D
31.51105,70.31239,2026-09-20,839,5.92,n,344.21,301.38,N,VIIRS,D
31.6274,74.97133,2026-09-20,839,5.55,n,350.94,304.35,N,VIIRS,D
31.62954,74.96935,2026-09-20,839,4.74,n,342.48,304.66,N,VIIRS,D
31.66014,72.4138,2026-09-20,839,2.62,l,330.92,301.03,N,VIIRS,D
31.66311,74.99259,2026-09-20,839,3.99,n,342.05,304.08,N,VIIRS,D
31.70499,75.15134,2026-09-20,839,3.43,n,336.74,305.87,N,VIIRS,D
31.73768,75.00512,2026-09-20,839,4.33,n,339.71,303.79,N,VIIRS,D
31.73836,74.93018,2026-09-20,839,3.7,n,337.76,304.51,N,VIIRS,D
31.74333,72.28605,2026-09-20,839,3.86,n,338.35,302.02,N,VIIRS,D
31.74461,72.28847,2026-09-20,839,4.43,n,332.99,301.05,N,VIIRS,D
31.95687,70.93796,2026-09-20,839,2.12,n,333.33,300.2,N,VIIRS,D
35.43556,73.6036,2026-09-20,841,6.42,n,341.66,303.81,N,VIIRS,D
35.43705,73.60361,2026-09-20,841,7.57,n,347.74,301.19,N,VIIRS,D
29.22533,88.34993,2026-09-20,1921,0.93,n,302.41,280.01,N,VIIRS,N
30.06958,96.97742,2026-09-20,1921,1.44,n,308.47,284.5,N,VIIRS,N
21.47523,97.28163,2026-09-20,1923,0.68,n,311.3,286.88,N,VIIRS,N
21.57767,96.23611,2026-09-20,1923,0.71,n,303.97,284.55,N,VIIRS,N
21.59266,96.22738,2026-09-20,1923,0.62,n,305.96,284.32,N,VIIRS,N
22.35424,96.70341,2026-09-20,1923,0.55,n,303.36,281.64,N,VIIRS,N
23.55444,87.24084,2026-09-20,1923,1.15,n,303.39,282.2,N,VIIRS,N
23.55981,87.24145,2026-09-20,1923,1.56,n,317.54,283.65,N,VIIRS,N
23.56016,87.23779,2026-09-20,1923,2.44,n,309.69,283.82,N,VIIRS,N
23.5802,86.72306,2026-09-20,1923,1.57,n,298.42,283.15,N,VIIRS,N
23.67461,86.39834,2026-09-20,1923,0.95,n,302.93,278.69,N,VIIRS,N
23.67699,86.08612,2026-09-20,1923,1.69,n,303.8,279.71,N,VIIRS,N
23.67776,86.39841,2026-09-20,1923,2.1,n,312.16,279.04,N,VIIRS,N
23.68027,86.39914,2026-09-20,1923,0.95,n,302.85,278.71,N,VIIRS,N
23.68062,86.39497,2026-09-20,1923,2.1,n,301.52,278.72,N,VIIRS,N
23.68201,86.09537,2026-09-20,1923,1.77,n,307.44,279.27,N,VIIRS,N
23.68381,86.39499,2026-09-20,1923,0.82,n,304.32,278.67,N,VIIRS,N
23.6842,86.39069,2026-09-20,1923,0.82,n,302.6,278.35,N,VIIRS,N
23.68666,86.39141,2026-09-20,1923,1.03,n,304.65,278.95,N,VIIRS,N
23.69631,85.28792,2026-09-20,1923,1.12,n,302.32,282.89,N,VIIRS,N
23.71247,86.4239,2026-09-20,1923,1.34,n,304.45,281.32,N,VIIRS,N
23.71667,86.44122,2026-09-20,1923,1.15,n,304.62,281.98,N,VIIRS,N
23.71849,86.42043,2026-09-20,1923,1.94,n,309.6,280.79,N,VIIRS,N
23.72269,86.43774,2026-09-20,1923,1.15,n,304.11,282.18,N,VIIRS,N
23.73438,86.4349,2026-09-20,1923,0.93,n,303.62,281.36,N,VIIRS,N
23.73474,86.43078,2026-09-20,1923,0.93,n,305.57,281.59,N,VIIRS,N
23.74003,86.43561,2026-09-20,1923,1.43,n,304.1,281.54,N,VIIRS,N
23.75321,86.4163,2026-09-20,1923,1.82,n,316.72,282.13,N,VIIRS,N
23.76,86.40443,2026-09-20,1923,1.55,n,304.58,282.19,N,VIIRS,N
23.76039,86.40017,2026-09-20,1923,1.55,n,310.48,282.49,N,VIIRS,N
23.76567,86.40509,2026-09-20,1923,5.3,n,325.69,282.51,N,VIIRS,N
23.76747,86.40658,2026-09-20,1923,3.33,n,313.67,282.12,N,VIIRS,N
23.76783,86.40233,2026-09-20,1923,3.98,n,314.63,282.0,N,VIIRS,N
23.80137,86.32865,2026-09-20,1923,2.01,n,302.25,273.8,N,VIIRS,N
23.80265,86.33012,2026-09-20,1923,1.59,n,309.34,273.46,N,VIIRS,N
24.51606,97.78947,2026-09-20,1923,0.45,n,302.5,291.25,N,VIIRS,N
24.54111,97.73983,2026-09-20,1923,0.79,n,304.05,291.07,N,VIIRS,N
26.75983,83.19746,2026-09-20,1923,1.1,n,303.31,284.79,N,VIIRS,N
27.46249,95.47806,2026-09-20,1923,0.6,n,298.93,273.81,N,VIIRS,N
27.60578,95.4034,2026-09-20,1923,0.81,n,303.04,280.88,N,VIIRS,N
20.76037,85.29834,2026-09-20,1925,2.08,n,311.47,283.25,N,VIIRS,N
20.7608,85.29372,2026-09-20,1925,2.48,n,305.19,282.7,N,VIIRS,N
20.78727,85.26496,2026-09-20,1925,1.39,n,305.6,279.56,N,VIIRS,N
20.78769,85.2605,2026-09-20,1925,1.74,n,300.13,279.43,N,VIIRS,N
20.79441,85.25239,2026-09-20,1925,2.59,n,314.61,277.54,N,VIIRS,N
20.8058,85.258,2026-09-20,1925,0.72,n,298.67,276.91,N,VIIRS,N
20.9516,86.04755,2026-09-20,1925,1.29,n,302.11,280.95,N,VIIRS,N
20.95199,86.04358,2026-09-20,1925,1.13,n,305.49,281.57,N,VIIRS,N
20.96003,85.18647,2026-09-20,1925,1.28,n,303.51,285.1,N,VIIRS,N
20.96134,85.17287,2026-09-20,1925,1.67,n,305.57,283.99,N,VIIRS,N
20.96178,85.16828,2026-09-20,1925,1.05,n,303.43,284.11,N,VIIRS,N
20.96222,85.16368,2026-09-20,1925,1.05,n,305.57,284.99,N,VIIRS,N
20.96284,86.04884,2026-09-20,1925,1.09,n,302.97,280.7,N,VIIRS,N
20.96285,85.18785,2026-09-20,1925,2.27,n,312.36,285.35,N,VIIRS,N
20.96325,85.18336,2026-09-20,1925,1.64,n,302.95,284.1,N,VIIRS,N
20.96408,85.17424,2026-09-20,1925,1.59,n,310.65,284.37,N,VIIRS,N
20.96449,85.16962,2026-09-20,1925,1.59,n,307.87,283.51,N,VIIRS,N
20.9649,85.16504,2026-09-20,1925,3.04,n,305.95,284.47,N,VIIRS,N
20.96961,85.17944,2026-09-20,1925,1.64,n,305.41,284.27,N,VIIRS,N
20.97002,85.17482,2026-09-20,1925,1.59,n,308.77,283.85,N,VIIRS,N
20.97639,85.17077,2026-09-20,1925,0.8,n,304.88,284.13,N,VIIRS,N
21.9182,83.34815,2026-09-20,1925,0.8,n,298.34,271.5,N,VIIRS,N
21.92182,83.34976,2026-09-20,1925,1.31,n,305.65,272.55,N,VIIRS,N
22.03127,83.36603,2026-09-20,1925,2.08,n,299.94,276.33,N,VIIRS,N
22.09886,85.35068,2026-09-20,1925,0.84,n,296.61,284.45,N,VIIRS,N
33.68933,72.71014,2026-09-20,2101,0.93,n,306.92,294.59,N,VIIRS,N
33.79987,72.09973,2026-09-20,2101,1.11,n,307.2,294.88,N,VIIRS,N
34.03307,73.73496,2026-09-20,2101,1.27,n,315.52,288.87,N,VIIRS,N
34.2326,71.64376,2026-09-20,2101,1.46,n,319.9,293.96,N,VIIRS,N
34.77128,74.17959,2026-09-20,2101,0.36,n,297.09,281.59,N,VIIRS,N
35.43443,73.59998,2026-09-20,2101,1.2,n,306.83,284.92,N,VIIRS,N
35.43773,73.60091,2026-09-20,2101,1.2,n,315.61,284.47,N,VIIRS,N
35.9682,68.6862,2026-09-20,2101,1.11,n,304.27,291.28,N,VIIRS,N
35.97032,68.68432,2026-09-20,2101,1.01,n,303.51,291.39,N,VIIRS,N
23.78116,86.21237,2026-09-20,2104,1.22,n,299.0,281.34,N,VIIRS,N
23.78268,86.21214,2026-09-20,2104,2.22,n,297.79,280.97,N,VIIRS,N
23.78287,86.2057,2026-09-20,2104,1.22,n,297.88,281.11,N,VIIRS,N
23.79615,86.35421,2026-09-20,2104,2.48,n,303.27,281.15,N,VIIRS,N
23.80147,86.33381,2026-09-20,2104,2.08,n,298.0,281.06,N,VIIRS,N
23.80322,86.3271,2026-09-20,2104,1.9,n,302.81,280.0,N,VIIRS,N
24.20395,82.52426,2026-09-20,2104,0.97,n,303.01,287.7,N,VIIRS,N
25.43332,78.62933,2026-09-20,2104,0.66,n,309.54,290.54,N,VIIRS,N
25.94324,72.19121,2026-09-20,2104,0.98,n,308.97,297.99,N,VIIRS,N
26.25704,74.09747,2026-09-20,2104,1.52,n,311.25,296.62,N,VIIRS,N
26.60409,73.68307,2026-09-20,2104,1.13,n,307.23,296.7,N,VIIRS,N
26.62982,72.69478,2026-09-20,2104,1.48,n,331.13,296.54,N,VIIRS,N
26.63312,72.69543,2026-09-20,2104,1.48,n,309.15,296.14,N,VIIRS,N
26.70224,77.84677,2026-09-20,2104,2.49,n,306.85,291.69,N,VIIRS,N
26.75961,83.20028,2026-09-20,2104,1.05,n,307.92,283.82,N,VIIRS,N
26.87276,73.51883,2026-09-20,2104,1.68,n,306.87,296.85,N,VIIRS,N
26.87673,73.51562,2026-09-20,2104,2.04,n,312.16,296.87,N,VIIRS,N
26.9281,73.46879,2026-09-20,2104,1.72,n,311.93,296.7,N,VIIRS,N
27.28865,73.84013,2026-09-20,2104,0.98,n,310.26,297.2,N,VIIRS,N
27.66689,76.13145,2026-09-20,2104,1.77,n,312.2,295.34,N,VIIRS,N
28.34496,77.23066,2026-09-20,2104,1.43,n,308.48,293.75,N,VIIRS,N
28.34756,77.25748,2026-09-20,2104,1.07,n,307.38,294.12,N,VIIRS,N
28.37272,77.22691,2026-09-20,2104,0.68,n,306.79,293.85,N,VIIRS,N
28.85201,77.14511,2026-09-20,2104,1.35,n,312.04,294.09,N,VIIRS,N
28.95865,77.71369,2026-09-20,2104,1.61,n,306.95,294.79,N,VIIRS,N
29.12281,75.77964,2026-09-20,2104,1.93,n,317.01,296.36,N,VIIRS,N
30.44651,70.56673,2026-09-20,2104,1.68,n,309.49,295.95,N,VIIRS,N
31.25062,76.9295,2026-09-20,2104,0.34,n,300.27,289.69,N,VIIRS,N
31.25842,76.92686,2026-09-20,2104,0.63,n,301.65,289.55,N,VIIRS,N
32.5766,72.56259,2026-09-20,2104,2.42,n,313.78,297.24,N,VIIRS,N
32.71682,72.77604,2026-09-20,2104,0.85,n,308.94,294.31,N,VIIRS,N
32.72258,72.92371,2026-09-20,2104,0.89,n,307.72,295.3,N,VIIRS,N
32.88804,71.618,2026-09-20,2104,2.24,n,311.54,296.53,N,VIIRS,N
33.29471,71.18759,2026-09-20,2104,0.78,n,304.44,293.82,N,VIIRS,N
33.29823,71.18831,2026-09-20,2104,0.78,n,305.28,293.74,N,VIIRS,N
17.60813,83.20174,2026-09-20,2106,2.25,n,305.2,286.38,N,VIIRS,N
18.71583,79.53812,2026-09-20,2106,0.77,n,303.56,286.09,N,VIIRS,N
18.72158,79.53608,2026-09-20,2106,0.77,n,305.09,285.39,N,VIIRS,N
19.10048,82.16512,2026-09-20,2106,0.8,n,297.83,280.0,N,VIIRS,N
19.10636,82.16667,2026-09-20,2106,0.52,n,303.84,280.47,N,VIIRS,N
20.75919,85.29675,2026-09-20,2106,3.03,n,312.93,278.51,N,VIIRS,N
20.7595,85.29628,2026-09-20,2106,4.76,n,311.84,278.94,N,VIIRS,N
20.86739,70.56648,2026-09-20,2106,0.71,n,311.42,291.72,N,VIIRS,N
20.90879,71.45869,2026-09-20,2106,1.02,n,309.05,293.04,N,VIIRS,N
20.95941,85.18815,2026-09-20,2106,1.84,n,299.43,283.31,N,VIIRS,N
20.96107,85.18143,2026-09-20,2106,1.84,n,305.64,283.09,N,VIIRS,N
20.96156,85.18494,2026-09-20,2106,3.12,n,316.39,283.13,N,VIIRS,N
20.96268,85.17488,2026-09-20,2106,1.88,n,300.44,283.03,N,VIIRS,N
20.96322,85.17836,2026-09-20,2106,3.12,n,302.41,283.16,N,VIIRS,N
20.96374,86.00974,2026-09-20,2106,2.53,n,306.43,271.24,N,VIIRS,N
20.96427,85.16842,2026-09-20,2106,1.88,n,303.54,283.43,N,VIIRS,N
20.96485,85.17191,2026-09-20,2106,1.77,n,305.13,283.08,N,VIIRS,N
20.96562,86.00231,2026-09-20,2106,2.53,n,296.98,272.5,N,VIIRS,N
20.96578,86.01697,2026-09-20,2106,3.68,n,305.13,267.65,N,VIIRS,N
20.9661,85.1901,2026-09-20,2106,1.57,n,301.67,282.96,N,VIIRS,N
20.96647,85.1655,2026-09-20,2106,1.77,n,299.64,282.96,N,VIIRS,N
20.9677,86.00958,2026-09-20,2106,3.68,n,324.51,269.16,N,VIIRS,N
20.96775,85.18339,2026-09-20,2106,1.57,n,303.39,283.1,N,VIIRS,N
20.96881,86.01936,2026-09-20,2106,3.08,n,299.84,267.74,N,VIIRS,N
20.96935,85.17689,2026-09-20,2106,1.48,n,302.06,283.06,N,VIIRS,N
20.96962,86.00217,2026-09-20,2106,2.99,n,297.69,270.35,N,VIIRS,N
20.97068,86.01198,2026-09-20,2106,2.53,n,327.67,268.8,N,VIIRS,N
20.97093,85.17047,2026-09-20,2106,1.48,n,307.08,282.94,N,VIIRS,N
20.97153,85.1739,2026-09-20,2106,1.77,n,311.92,283.13,N,VIIRS,N
20.97256,86.00454,2026-09-20,2106,2.53,n,296.17,270.22,N,VIIRS,N
20.9776,85.17252,2026-09-20,2106,1.48,n,301.99,283.44,N,VIIRS,N
20.97889,85.13812,2026-09-20,2106,1.47,n,299.89,283.86,N,VIIRS,N
20.9805,85.13157,2026-09-20,2106,1.47,n,304.5,284.42,N,VIIRS,N
20.9813,85.13518,2026-09-20,2106,3.47,n,304.96,283.86,N,VIIRS,N
21.10095,72.63789,2026-09-20,2106,2.34,n,311.03,294.2,N,VIIRS,N
21.10159,72.63406,2026-09-20,2106,2.34,n,330.29,295.23,N,VIIRS,N
21.10173,72.65388,2026-09-20,2106,1.57,n,314.48,294.8,N,VIIRS,N
21.10496,72.6347,2026-09-20,2106,2.34,n,319.73,294.85,N,VIIRS,N
21.10639,72.64685,2026-09-20,2106,1.85,n,321.58,294.28,N,VIIRS,N
21.10833,72.63535,2026-09-20,2106,0.89,n,308.69,295.5,N,VIIRS,N
21.11169,72.63599,2026-09-20,2106,0.89,n,311.09,295.98,N,VIIRS,N
21.18903,81.38966,2026-09-20,2106,1.18,n,302.22,282.62,N,VIIRS,N
21.25071,79.20749,2026-09-20,2106,0.79,n,300.97,274.93,N,VIIRS,N
21.31013,81.59108,2026-09-20,2106,0.69,n,305.4,282.91,N,VIIRS,N
21.37567,81.68205,2026-09-20,2106,1.62,n,307.11,285.84,N,VIIRS,N
21.37659,81.68169,2026-09-20,2106,1.57,n,312.49,285.89,N,VIIRS,N
21.38973,81.64839,2026-09-20,2106,0.71,n,305.41,286.54,N,VIIRS,N
21.45891,81.8028,2026-09-20,2106,0.46,n,303.23,285.0,N,VIIRS,N
21.57411,82.02424,2026-09-20,2106,1.04,n,304.79,286.29,N,VIIRS,N
21.67992,84.03791,2026-09-20,2106,1.04,n,297.79,266.98,N,VIIRS,N
21.74364,83.84407,2026-09-20,2106,1.53,n,304.79,277.46,N,VIIRS,N
21.74493,83.83875,2026-09-20,2106,2.29,n,300.68,278.16,N,VIIRS,N
21.74646,83.84129,2026-09-20,2106,5.01,n,326.18,278.64,N,VIIRS,N
21.74975,83.84591,2026-09-20,2106,1.53,n,300.15,276.94,N,VIIRS,N
21.75104,83.84061,2026-09-20,2106,2.29,n,312.83,277.22,N,VIIRS,N
21.75256,83.84317,2026-09-20,2106,2.06,n,310.48,277.38,N,VIIRS,N
21.75715,83.84244,2026-09-20,2106,1.86,n,314.15,276.56,N,VIIRS,N
21.75869,83.84494,2026-09-20,2106,2.06,n,312.22,276.82,N,VIIRS,N
21.75956,84.02314,2026-09-20,2106,1.61,n,298.34,270.0,N,VIIRS,N
21.76201,83.84943,2026-09-20,2106,2.61,n,305.92,276.89,N,VIIRS,N
21.76329,83.84416,2026-09-20,2106,1.86,n,299.24,276.0,N,VIIRS,N
21.76482,83.84669,2026-09-20,2106,0.94,n,299.91,276.1,N,VIIRS,N
21.76704,84.01956,2026-09-20,2106,1.53,n,300.4,269.79,N,VIIRS,N
21.80042,82.03914,2026-09-20,2106,0.85,n,305.39,282.17,N,VIIRS,N
21.87811,83.55508,2026-09-20,2106,0.83,n,304.53,284.76,N,VIIRS,N
21.87899,83.49741,2026-09-20,2106,0.82,n,302.25,285.53,N,VIIRS,N
21.91975,83.35246,2026-09-20,2106,0.86,n,305.69,276.69,N,VIIRS,N
21.9209,83.34761,2026-09-20,2106,0.86,n,296.74,276.82,N,VIIRS,N
21.98568,83.23323,2026-09-20,2106,0.88,n,303.98,281.22,N,VIIRS,N
22.20797,70.80544,2026-09-20,2106,0.54,n,309.79,291.76,N,VIIRS,N
22.2647,75.13119,2026-09-20,2106,0.8,n,305.61,290.52,N,VIIRS,N
22.33693,69.86636,2026-09-20,2106,2.57,n,308.03,291.27,N,VIIRS,N
22.33866,69.85473,2026-09-20,2106,2.75,n,311.51,292.65,N,VIIRS,N
23.1654,82.34323,2026-09-20,2106,1.36,n,308.42,276.39,N,VIIRS,N
23.16632,82.33922,2026-09-20,2106,2.31,n,311.43,276.65,N,VIIRS,N
23.25753,70.26478,2026-09-20,2106,2.31,n,310.24,292.46,N,VIIRS,N
23.31525,70.48738,2026-09-20,2106,2.49,n,312.42,293.96,N,VIIRS,N
23.49692,68.57792,2026-09-20,2106,1.6,n,306.93,293.87,N,VIIRS,N
24.57964,74.80354,2026-09-20,2106,1.21,n,307.34,293.39,N,VIIRS,N
24.69028,73.00469,2026-09-20,2106,1.08,n,310.73,294.69,N,VIIRS,N
24.6909,73.00086,2026-09-20,2106,1.03,n,306.45,294.14,N,VIIRS,N
24.69186,74.68076,2026-09-20,2106,1.44,n,310.94,293.58,N,VIIRS,N
24.7621,74.60835,2026-09-20,2106,0.92,n,308.16,292.63,N,VIIRS,N
24.76372,74.60709,2026-09-20,2106,1.82,n,313.24,293.87,N,VIIRS,N
24.76556,74.60907,2026-09-20,2106,0.92,n,305.15,293.84,N,VIIRS,N
24.82095,73.0922,2026-09-20,2106,1.78,n,318.27,296.92,N,VIIRS,N
24.93254,74.63241,2026-09-20,2106,1.7,n,310.28,293.17,N,VIIRS,N
25.38681,68.58179,2026-09-20,2106,2.68,n,308.45,295.48,N,VIIRS,N
26.09366,68.88005,2026-09-20,2106,0.6,n,308.12,297.15,N,VIIRS,N
13.39286,80.10187,2026-09-20,2108,2.74,n,306.63,283.27,N,VIIRS,N
13.71191,79.62077,2026-09-20,2108,1.06,n,305.23,286.55,N,VIIRS,N
15.17544,77.10265,2026-09-20,2108,0.99,n,299.66,276.99,N,VIIRS,N
15.17667,76.65621,2026-09-20,2108,1.89,n,305.79,273.8,N,VIIRS,N
15.18387,76.66755,2026-09-20,2108,1.8,n,306.91,278.62,N,VIIRS,N
16.87038,80.02232,2026-09-20,2108,0.36,n,295.17,266.53,N,VIIRS,N
18.70491,72.34412,2026-09-20,2108,2.75,n,313.58,294.41,N,VIIRS,N
19.02167,72.89248,2026-09-20,2108,2.45,n,306.75,290.57,N,VIIRS,N
19.2823,71.43515,2026-09-20,2108,1.95,n,312.52,294.3,N,VIIRS,N
19.36926,71.35564,2026-09-20,2108,1.49,n,322.67,294.82,N,VIIRS,N
19.36986,71.35197,2026-09-20,2108,1.49,n,323.67,294.84,N,VIIRS,N
19.41822,71.39093,2026-09-20,2108,2.18,n,318.59,295.09,N,VIIRS,N
22.30378,97.97598,2026-09-21,637,2.76,n,327.7,296.75,N,VIIRS,D
22.33664,97.90854,2026-09-21,637,3.55,l,328.9,299.24,N,VIIRS,D
24.87569,97.0718,2026-09-21,637,2.36,n,329.38,295.62,N,VIIRS,D
25.02771,97.1887,2026-09-21,637,2.52,n,328.91,295.88,N,VIIRS,D
25.14342,97.49666,2026-09-21,637,2.98,n,332.18,296.35,N,VIIRS,D
25.53974,96.71659,2026-09-21,637,2.43,n,330.07,296.97,N,VIIRS,D
7.12867,81.0751,2026-09-21,813,3.41,n,333.5,299.99,N,VIIRS,D
8.29176,80.75997,2026-09-21,813,4.66,n,335.65,295.27,N,VIIRS,D
8.35397,81.29202,2026-09-21,813,4.13,n,337.72,297.77,N,VIIRS,D
8.3574,81.2915,2026-09-21,813,6.45,n,352.94,298.48,N,VIIRS,D
8.35796,81.29525,2026-09-21,813,5.82,n,340.53,297.06,N,VIIRS,D
8.36083,81.29099,2026-09-21,813,6.45,n,345.37,298.02,N,VIIRS,D
8.69229,80.4555,2026-09-21,813,5.0,n,343.38,298.85,N,VIIRS,D
8.69283,80.45908,2026-09-21,813,10.67,n,349.11,300.68,N,VIIRS,D
8.69565,80.45499,2026-09-21,813,5.0,n,335.61,297.69,N,VIIRS,D
8.69619,80.45857,2026-09-21,813,10.67,n,335.22,297.62,N,VIIRS,D
8.87128,78.08917,2026-09-21,813,4.56,n,341.62,304.37,N,VIIRS,D
9.0166,78.13821,2026-09-21,813,2.61,n,342.87,299.3,N,VIIRS,D
11.23936,77.23362,2026-09-21,816,3.22,l,330.61,296.96,N,VIIRS,D
11.24016,77.23308,2026-09-21,816,3.71,l,332.45,297.23,N,VIIRS,D
12.82642,79.54056,2026-09-21,816,2.42,n,333.16,296.41,N,VIIRS,D
13.27823,80.29333,2026-09-21,816,3.27,n,333.09,278.2,N,VIIRS,D
13.67215,79.5278,2026-09-21,816,3.81,n,332.93,282.22,N,VIIRS,D
15.73247,79.65581,2026-09-21,816,3.82,n,335.25,297.09,N,VIIRS,D
15.83993,79.7503,2026-09-21,816,3.34,n,330.64,293.68,N,VIIRS,D
15.84448,79.75757,2026-09-21,816,12.39,n,351.76,296.4,N,VIIRS,D
15.84917,79.74093,2026-09-21,816,7.9,n,335.12,293.34,N,VIIRS,D
15.84972,79.74483,2026-09-21,816,7.9,n,349.19,294.28,N,VIIRS,D
16.16523,79.92226,2026-09-21,816,1.41,n,335.46,294.81,N,VIIRS,D
16.1658,79.92622,2026-09-21,816,3.85,n,333.28,296.11,N,VIIRS,D
16.33395,78.26297,2026-09-21,816,2.78,n,330.91,288.8,N,VIIRS,D
16.61245,79.49863,2026-09-21,816,2.67,n,330.5,298.04,N,VIIRS,D
16.82013,78.19477,2026-09-21,816,2.45,n,334.81,294.94,N,VIIRS,D
17.03526,77.73318,2026-09-21,816,0.81,n,331.72,295.63,N,VIIRS,D
17.09404,80.59815,2026-09-21,816,4.02,n,333.58,294.65,N,VIIRS,D
19.37039,71.3538,2026-09-21,818,3.21,n,339.92,294.76,N,VIIRS,D
21.05754,75.62813,2026-09-21,818,3.12,n,338.9,302.75,N,VIIRS,D
21.10358,72.63866,2026-09-21,818,37.18,n,334.97,294.29,N,VIIRS,D
21.10517,72.64781,2026-09-21,818,9.79,n,336.96,296.25,N,VIIRS,D
22.69435,75.37374,2026-09-21,818,2.56,l,331.25,303.36,N,VIIRS,D
22.7711,75.34428,2026-09-21,818,1.18,l,330.64,302.01,N,VIIRS,D
22.88176,75.44677,2026-09-21,818,3.81,l,330.89,302.03,N,VIIRS,D
22.94285,75.73074,2026-09-21,818,3.8,n,338.94,302.75,N,VIIRS,D
22.94425,75.89148,2026-09-21,818,2.13,l,330.11,302.73,N,VIIRS,D
23.23625,75.98862,2026-09-21,818,2.2,l,330.03,303.16,N,VIIRS,D
23.12208,70.08372,2026-09-21,820,3.83,n,337.2,298.98,N,VIIRS,D
24.81587,68.04147,2026-09-21,820,2.5,l,332.85,304.03,N,VIIRS,D
24.81766,68.04298,2026-09-21,820,3.71,l,334.47,304.89,N,VIIRS,D
25.38862,68.58082,2026-09-21,820,2.11,l,331.81,303.48,N,VIIRS,D
25.55967,68.45715,2026-09-21,820,1.43,n,331.36,303.16,N,VIIRS,D
25.56394,68.45611,2026-09-21,820,2.45,n,334.3,301.07,N,VIIRS,D
25.69573,68.84558,2026-09-21,820,2.5,n,340.41,305.26,N,VIIRS,D
27.0984,68.12234,2026-09-21,820,4.61,l,332.85,307.3,N,VIIRS,D
27.30935,82.76711,2026-09-21,820,9.17,n,331.86,291.68,N,VIIRS,D
27.83533,75.0683,2026-09-21,820,1.22,l,330.62,304.81,N,VIIRS,D
28.06107,77.68706,2026-09-21,820,3.77,n,334.4,299.48,N,VIIRS,D
28.06335,77.6835,2026-09-21,820,4.15,n,340.51,298.12,N,VIIRS,D
28.73018,77.2591,2026-09-21,820,1.51,n,333.06,302.12,N,VIIRS,D
29.58856,76.99125,2026-09-21,820,3.29,n,330.62,300.0,N,VIIRS,D
29.58877,76.99303,2026-09-21,820,2.82,n,333.33,300.23,N,VIIRS,D
29.72614,72.50052,2026-09-21,820,3.81,n,342.38,306.35,N,VIIRS,D
30.39939,72.33211,2026-09-21,820,4.32,n,337.66,308.17,N,VIIRS,D
30.49247,74.64198,2026-09-21,820,2.2,l,330.89,301.16,N,VIIRS,D
30.50016,76.93479,2026-09-21,820,5.3,n,338.62,301.36,N,VIIRS,D
30.50368,76.93418,2026-09-21,820,5.3,n,336.89,299.1,N,VIIRS,D
30.59048,76.77258,2026-09-21,820,5.72,n,333.95,300.66,N,VIIRS,D
30.98242,74.41074,2026-09-21,822,3.43,n,340.06,304.38,N,VIIRS,D
30.98572,74.41007,2026-09-21,822,4.88,n,345.06,302.18,N,VIIRS,D
31.04226,74.42369,2026-09-21,822,6.85,n,341.32,302.16,N,VIIRS,D
31.06985,74.51792,2026-09-21,822,3.22,n,333.79,302.59,N,VIIRS,D
31.07616,74.53748,2026-09-21,822,2.41,n,335.56,301.25,N,VIIRS,D
31.10003,72.32214,2026-09-21,822,2.59,l,330.56,303.0,N,VIIRS,D
31.10336,72.3214,2026-09-21,822,2.59,n,335.97,303.9,N,VIIRS,D
31.1235,74.67964,2026-09-21,822,8.94,n,344.68,302.54,N,VIIRS,D
31.12682,74.67899,2026-09-21,822,3.15,n,333.31,299.28,N,VIIRS,D
31.30233,75.1265,2026-09-21,822,2.53,n,331.86,300.82,N,VIIRS,D
31.31937,74.6959,2026-09-21,822,2.59,n,332.88,300.23,N,VIIRS,D
31.37797,74.54229,2026-09-21,822,10.2,n,351.68,304.44,N,VIIRS,D
31.40234,75.215,2026-09-21,822,2.33,n,332.99,300.81,N,VIIRS,D
31.50406,72.3751,2026-09-21,822,2.76,n,335.62,303.22,N,VIIRS,D
31.60312,75.03194,2026-09-21,822,3.77,n,345.35,304.02,N,VIIRS,D
31.61878,72.47723,2026-09-21,822,2.22,n,336.73,302.28,N,VIIRS,D
31.69464,75.28987,2026-09-21,822,1.73,n,330.19,299.32,N,VIIRS,D
31.7096,75.04677,2026-09-21,822,4.63,n,335.33,303.45,N,VIIRS,D
31.7358,72.59135,2026-09-21,822,2.45,n,331.25,300.27,N,VIIRS,D
31.73646,72.59542,2026-09-21,822,2.45,n,334.69,300.11,N,VIIRS,D
31.78019,74.10877,2026-09-21,822,1.89,n,334.12,303.22,N,VIIRS,D
31.79288,75.02636,2026-09-21,822,3.36,n,335.72,302.62,N,VIIRS,D
31.86499,75.11228,2026-09-21,822,2.44,n,333.03,300.11,N,VIIRS,D
31.87231,73.95262,2026-09-21,822,6.31,n,345.17,302.02,N,VIIRS,D
31.8985,73.63045,2026-09-21,822,6.03,n,336.28,301.76,N,VIIRS,D
31.89911,73.63448,2026-09-21,822,9.12,n,333.69,303.02,N,VIIRS,D
32.27169,75.38228,2026-09-21,822,4.61,n,335.98,300.94,N,VIIRS,D
32.90086,73.13861,2026-09-21,822,2.64,n,331.02,304.17,N,VIIRS,D
33.49573,70.35722,2026-09-21,822,5.85,n,336.8,304.88,N,VIIRS,D
33.49916,70.35637,2026-09-21,822,5.85,n,345.66,301.55,N,VIIRS,D
34.61545,69.71689,2026-09-21,822,6.99,n,350.83,317.92,N,VIIRS,D
35.43547,73.60424,2026-09-21,822,4.68,l,330.43,301.33,N,VIIRS,D
27.96155,96.96573,2026-09-19,555,6.43,n,325.24,292.04,N20,VIIRS,D
27.9627,96.9637,2026-09-19,555,7.44,n,337.76,292.48,N20,VIIRS,D
6.36295,80.87138,2026-09-19,729,4.1,n,336.4,288.58,N20,VIIRS,D
6.43244,81.27704,2026-09-19,729,5.24,n,334.76,292.85,N20,VIIRS,D
6.58576,81.18877,2026-09-19,729,4.06,n,329.66,293.17,N20,VIIRS,D
6.58814,81.18624,2026-09-19,729,6.8,n,340.1,293.22,N20,VIIRS,D
6.59064,81.18794,2026-09-19,729,3.87,n,330.73,293.28,N20,VIIRS,D
7.74872,80.07925,2026-09-19,731,8.05,n,348.47,288.44,N20,VIIRS,D
7.74927,80.08237,2026-09-19,731,6.99,n,336.29,288.03,N20,VIIRS,D
7.77417,80.10361,2026-09-19,731,3.93,n,338.5,284.34,N20,VIIRS,D
7.77715,80.15096,2026-09-19,731,3.03,n,334.87,288.93,N20,VIIRS,D
7.79408,79.93499,2026-09-19,731,4.41,n,330.8,286.55,N20,VIIRS,D
7.86886,80.14693,2026-09-19,731,2.1,n,332.39,284.3,N20,VIIRS,D
7.88972,80.65198,2026-09-19,731,6.79,n,327.7,287.31,N20,VIIRS,D
12.18199,79.82413,2026-09-19,731,6.04,n,335.75,286.24,N20,VIIRS,D
12.18393,79.82592,2026-09-19,731,7.06,n,338.86,286.16,N20,VIIRS,D
15.33001,75.15749,2026-09-19,733,5.98,n,337.87,291.65,N20,VIIRS,D
16.34855,81.40465,2026-09-19,733,4.86,n,339.23,289.08,N20,VIIRS,D
16.8331,80.56978,2026-09-19,733,6.4,n,340.22,291.72,N20,VIIRS,D
16.99668,80.46586,2026-09-19,733,3.9,n,333.2,281.92,N20,VIIRS,D
17.61078,83.20345,2026-09-19,733,4.85,l,330.92,294.69,N20,VIIRS,D
18.28274,74.9763,2026-09-19,733,4.78,n,340.34,290.25,N20,VIIRS,D
18.69297,79.77984,2026-09-19,733,9.94,n,328.16,298.15,N20,VIIRS,D
18.70479,79.79536,2026-09-19,733,13.53,n,329.41,298.47,N20,VIIRS,D
18.70559,79.79967,2026-09-19,733,9.85,l,328.88,298.91,N20,VIIRS,D
18.82722,79.45525,2026-09-19,733,9.26,n,329.56,299.27,N20,VIIRS,D
18.83596,79.45341,2026-09-19,733,5.01,n,328.45,298.25,N20,VIIRS,D
18.83948,79.44798,2026-09-19,733,6.0,n,329.85,298.27,N20,VIIRS,D
19.08439,74.61549,2026-09-19,733,8.92,n,352.35,293.88,N20,VIIRS,D
19.08609,74.61241,2026-09-19,733,9.47,n,339.98,295.16,N20,VIIRS,D
19.08708,74.61694,2026-09-19,733,5.98,n,334.05,293.13,N20,VIIRS,D
20.75985,85.29922,2026-09-19,733,5.4,n,338.47,300.46,N20,VIIRS,D
20.78493,85.26463,2026-09-19,733,3.15,n,337.92,299.56,N20,VIIRS,D
20.7855,85.26831,2026-09-19,733,3.15,n,332.52,298.41,N20,VIIRS,D
20.79095,85.25981,2026-09-19,733,7.22,n,339.01,299.72,N20,VIIRS,D
20.79368,85.25556,2026-09-19,733,4.79,n,334.34,299.07,N20,VIIRS,D
20.79754,85.25865,2026-09-19,733,4.79,n,334.64,299.44,N20,VIIRS,D
20.80743,85.25691,2026-09-19,733,4.6,n,337.1,299.97,N20,VIIRS,D
20.8644,84.9897,2026-09-19,733,4.6,n,337.59,296.74,N20,VIIRS,D
20.86556,84.99707,2026-09-19,733,5.34,n,334.95,297.05,N20,VIIRS,D
20.94066,86.06125,2026-09-19,733,3.37,n,339.31,298.71,N20,VIIRS,D
20.96262,86.04996,2026-09-19,733,3.02,n,337.31,298.86,N20,VIIRS,D
20.9629,85.18401,2026-09-19,733,6.67,n,336.87,299.93,N20,VIIRS,D
20.96312,86.00847,2026-09-19,733,5.28,n,336.22,296.2,N20,VIIRS,D
20.96348,85.18768,2026-09-19,733,6.22,n,347.73,301.35,N20,VIIRS,D
20.9639,85.1687,2026-09-19,733,3.96,n,333.61,298.65,N20,VIIRS,D
20.96405,85.19135,2026-09-19,733,6.22,n,332.07,300.12,N20,VIIRS,D
20.96752,86.01524,2026-09-19,733,7.12,n,338.64,301.07,N20,VIIRS,D
20.96819,85.15282,2026-09-19,733,4.69,n,336.34,299.02,N20,VIIRS,D
20.96835,85.17548,2026-09-19,733,9.59,n,354.07,301.24,N20,VIIRS,D
20.97494,85.17431,2026-09-19,733,4.0,n,329.92,298.88,N20,VIIRS,D
20.97766,85.17005,2026-09-19,733,2.82,n,332.54,299.71,N20,VIIRS,D
21.00001,86.0248,2026-09-19,733,4.07,n,331.69,298.77,N20,VIIRS,D
21.07896,85.03475,2026-09-19,733,4.16,n,336.31,299.11,N20,VIIRS,D
21.74931,83.84415,2026-09-19,733,3.99,n,334.93,297.27,N20,VIIRS,D
21.76399,83.84932,2026-09-19,733,6.54,n,332.32,297.12,N20,VIIRS,D
21.92123,83.35309,2026-09-19,733,4.71,n,330.41,297.48,N20,VIIRS,D
22.01506,83.75526,2026-09-19,733,4.51,n,339.26,302.23,N20,VIIRS,D
22.03757,83.73522,2026-09-19,733,4.52,l,330.79,301.18,N20,VIIRS,D
22.05187,88.12589,2026-09-19,733,6.82,n,339.09,300.15,N20,VIIRS,D
22.24403,87.38852,2026-09-19,733,1.87,n,330.49,296.27,N20,VIIRS,D
22.31942,82.56376,2026-09-19,733,3.84,n,332.88,300.04,N20,VIIRS,D
22.32023,82.58955,2026-09-19,733,5.69,n,341.71,297.87,N20,VIIRS,D
22.33003,82.60485,2026-09-19,733,3.44,n,331.48,298.5,N20,VIIRS,D
22.35839,82.30309,2026-09-19,733,9.1,n,340.14,299.98,N20,VIIRS,D
22.37578,87.27885,2026-09-19,733,4.29,n,332.07,295.36,N20,VIIRS,D
24.134,96.5943,2026-09-19,733,2.79,n,329.8,288.43,N20,VIIRS,D
24.13675,96.5915,2026-09-19,733,5.31,n,335.19,288.63,N20,VIIRS,D
21.10073,72.64504,2026-09-19,735,15.29,n,333.4,290.01,N20,VIIRS,D
21.10207,72.65056,2026-09-19,735,13.62,n,345.14,290.3,N20,VIIRS,D
21.106,72.64601,2026-09-19,735,18.45,h,367.0,291.02,N20,VIIRS,D
24.1971,82.71725,2026-09-19,735,3.04,n,330.53,296.19,N20,VIIRS,D
25.93916,72.19282,2026-09-19,735,1.59,n,333.74,295.76,N20,VIIRS,D
25.94218,72.19012,2026-09-19,735,2.11,n,340.57,295.45,N20,VIIRS,D
27.60807,96.0425,2026-09-19,735,2.04,n,329.74,291.2,N20,VIIRS,D
29.4409,90.16986,2026-09-19,735,1.91,n,335.06,298.57,N20,VIIRS,D
28.66101,77.51159,2026-09-19,737,1.56,n,335.49,301.25,N20,VIIRS,D
29.136,76.68733,2026-09-19,737,2.3,n,331.5,302.38,N20,VIIRS,D
30.48769,76.58208,2026-09-19,737,3.44,l,331.99,303.21,N20,VIIRS,D
30.98733,75.99974,2026-09-19,737,2.14,n,331.29,300.41,N20,VIIRS,D
31.0306,74.98357,2026-09-19,737,5.07,n,331.95,298.55,N20,VIIRS,D
31.57391,75.10573,2026-09-19,737,4.11,n,334.84,301.79,N20,VIIRS,D
31.57627,75.10245,2026-09-19,737,4.0,n,332.32,301.78,N20,VIIRS,D
31.7276,75.01198,2026-09-19,737,3.65,n,330.42,300.22,N20,VIIRS,D
33.23038,72.57105,2026-09-19,737,3.35,n,331.99,298.0,N20,VIIRS,D
33.7948,74.92818,2026-09-19,737,4.69,l,329.39,300.75,N20,VIIRS,D
21.09832,72.63757,2026-09-19,915,3.22,n,330.46,291.64,N20,VIIRS,D
21.10209,72.64481,2026-09-19,915,7.5,n,345.83,292.65,N20,VIIRS,D
21.10252,72.65022,2026-09-19,915,7.5,n,335.15,292.13,N20,VIIRS,D
21.10557,72.64782,2026-09-19,915,16.34,h,367.0,292.81,N20,VIIRS,D
25.02271,68.22942,2026-09-19,915,10.02,n,341.02,304.36,N20,VIIRS,D
25.02316,68.23416,2026-09-19,915,6.28,n,334.59,301.86,N20,VIIRS,D
25.93881,72.19713,2026-09-19,915,4.39,n,345.1,296.15,N20,VIIRS,D
26.11261,69.00893,2026-09-19,915,2.61,n,332.68,301.38,N20,VIIRS,D
26.14895,68.93132,2026-09-19,915,3.68,l,330.42,303.41,N20,VIIRS,D
28.72903,71.18502,2026-09-19,917,2.58,n,334.89,298.91,N20,VIIRS,D
30.95032,97.36389,2026-09-19,2000,0.64,n,297.65,282.89,N20,VIIRS,N
30.95155,97.36295,2026-09-19,2000,0.6,n,301.2,281.95,N20,VIIRS,N
32.57927,72.55834,2026-09-19,2000,1.54,n,303.99,292.89,N20,VIIRS,N
34.73103,73.10603,2026-09-19,2000,1.53,n,301.54,283.93,N20,VIIRS,N
23.54783,86.54443,2026-09-19,2002,1.67,n,307.25,291.09,N20,VIIRS,N
23.55486,87.24089,2026-09-19,2002,1.71,n,307.94,291.08,N20,VIIRS,N
23.5582,87.24155,2026-09-19,2002,1.71,n,320.9,290.91,N20,VIIRS,N
23.55885,87.23769,2026-09-19,2002,1.96,n,312.46,290.72,N20,VIIRS,N
23.56404,87.08371,2026-09-19,2002,2.04,n,306.52,289.51,N20,VIIRS,N
23.61467,85.65952,2026-09-19,2002,0.91,n,305.09,292.32,N20,VIIRS,N
23.61623,86.79081,2026-09-19,2002,0.84,n,305.76,290.97,N20,VIIRS,N
23.6328,86.29356,2026-09-19,2002,1.4,n,306.68,291.53,N20,VIIRS,N
23.63315,86.83328,2026-09-19,2002,1.14,n,305.58,291.01,N20,VIIRS,N
23.64587,85.43847,2026-09-19,2002,0.73,n,304.89,291.65,N20,VIIRS,N
23.64917,85.43907,2026-09-19,2002,1.68,n,322.4,292.44,N20,VIIRS,N
23.64975,85.43533,2026-09-19,2002,1.68,n,318.2,292.21,N20,VIIRS,N
23.66371,86.91772,2026-09-19,2002,1.08,n,306.69,287.16,N20,VIIRS,N
23.66413,87.15843,2026-09-19,2002,1.41,n,318.56,291.29,N20,VIIRS,N
23.66478,87.15459,2026-09-19,2002,3.75,n,329.49,292.79,N20,VIIRS,N
23.66747,87.15908,2026-09-19,2002,1.41,n,307.3,291.06,N20,VIIRS,N
23.66856,86.09215,2026-09-19,2002,1.21,n,311.71,292.49,N20,VIIRS,N
23.67262,87.12836,2026-09-19,2002,1.41,n,309.11,290.52,N20,VIIRS,N
23.67275,86.10834,2026-09-19,2002,1.47,n,317.04,291.73,N20,VIIRS,N
23.67327,87.12452,2026-09-19,2002,1.39,n,310.29,290.47,N20,VIIRS,N
23.67389,86.39743,2026-09-19,2002,1.71,n,305.87,292.82,N20,VIIRS,N
23.67633,86.08591,2026-09-19,2002,1.95,n,330.41,292.81,N20,VIIRS,N
23.67657,86.40181,2026-09-19,2002,2.38,n,314.68,293.16,N20,VIIRS,N
23.67709,85.32479,2026-09-19,2002,1.37,n,311.11,291.72,N20,VIIRS,N
23.67718,86.39806,2026-09-19,2002,1.71,n,325.28,293.62,N20,VIIRS,N
23.67779,86.3943,2026-09-19,2002,1.71,n,319.8,292.34,N20,VIIRS,N
23.67962,86.08653,2026-09-19,2002,1.95,n,308.17,292.4,N20,VIIRS,N
23.68048,86.39867,2026-09-19,2002,1.22,n,312.16,292.37,N20,VIIRS,N
23.68109,86.39494,2026-09-19,2002,1.22,n,307.31,292.39,N20,VIIRS,N
23.68172,86.09463,2026-09-19,2002,4.41,n,330.65,292.57,N20,VIIRS,N
23.68232,86.0909,2026-09-19,2002,1.18,n,306.91,292.12,N20,VIIRS,N
23.68262,87.1303,2026-09-19,2002,1.55,n,311.92,291.38,N20,VIIRS,N
23.68351,86.08343,2026-09-19,2002,1.14,n,310.49,292.39,N20,VIIRS,N
23.68439,86.39555,2026-09-19,2002,1.22,n,319.91,292.8,N20,VIIRS,N
23.685,86.39181,2026-09-19,2002,3.65,n,332.03,293.17,N20,VIIRS,N
23.68787,87.11945,2026-09-19,2002,1.79,n,314.67,290.95,N20,VIIRS,N
23.69109,87.10024,2026-09-19,2002,2.16,n,315.99,291.87,N20,VIIRS,N
23.6912,87.1201,2026-09-19,2002,1.26,n,315.36,291.31,N20,VIIRS,N
23.69249,87.11242,2026-09-19,2002,2.36,n,307.05,291.27,N20,VIIRS,N
23.69377,85.37024,2026-09-19,2002,1.17,n,306.83,292.15,N20,VIIRS,N
23.6939,87.12458,2026-09-19,2002,2.25,n,313.35,290.72,N20,VIIRS,N
23.69454,87.12075,2026-09-19,2002,1.26,n,311.66,291.97,N20,VIIRS,N
23.69518,87.11691,2026-09-19,2002,1.26,n,310.58,291.6,N20,VIIRS,N
23.6957,87.09322,2026-09-19,2002,2.5,n,313.08,290.96,N20,VIIRS,N
23.69609,85.28969,2026-09-19,2002,1.85,n,316.44,292.05,N20,VIIRS,N
23.69667,85.28593,2026-09-19,2002,0.93,n,306.97,291.9,N20,VIIRS,N
23.69765,85.36709,2026-09-19,2002,1.17,n,317.83,291.81,N20,VIIRS,N
23.69787,86.07843,2026-09-19,2002,1.34,n,317.3,292.29,N20,VIIRS,N
23.69847,86.07469,2026-09-19,2002,1.34,n,311.46,291.61,N20,VIIRS,N
23.71005,86.44691,2026-09-19,2002,2.8,n,321.48,292.44,N20,VIIRS,N
23.71274,86.45129,2026-09-19,2002,1.95,n,327.5,292.79,N20,VIIRS,N
23.71335,86.44753,2026-09-19,2002,1.95,n,309.19,291.96,N20,VIIRS,N
23.71371,86.42436,2026-09-19,2002,2.02,n,307.93,293.38,N20,VIIRS,N
23.71762,86.42124,2026-09-19,2002,1.5,n,310.64,291.79,N20,VIIRS,N
23.71787,86.44065,2026-09-19,2002,2.04,n,314.22,292.03,N20,VIIRS,N
23.71911,85.00756,2026-09-19,2002,1.28,n,310.04,288.96,N20,VIIRS,N
23.72421,86.4225,2026-09-19,2002,2.16,n,309.64,293.34,N20,VIIRS,N
23.72507,86.43816,2026-09-19,2002,2.02,n,313.44,292.07,N20,VIIRS,N
23.73619,86.43253,2026-09-19,2002,1.66,n,320.31,292.21,N20,VIIRS,N
23.73679,86.42877,2026-09-19,2002,1.66,n,312.06,291.47,N20,VIIRS,N
23.73948,86.43315,2026-09-19,2002,1.66,n,318.52,292.54,N20,VIIRS,N
23.74418,85.50636,2026-09-19,2002,0.5,n,308.87,292.02,N20,VIIRS,N
23.75241,86.41626,2026-09-19,2002,3.03,n,323.31,292.26,N20,VIIRS,N
23.7543,85.85372,2026-09-19,2002,1.26,n,310.6,291.0,N20,VIIRS,N
23.75753,86.40562,2026-09-19,2002,1.95,n,320.98,292.06,N20,VIIRS,N
23.75759,85.85434,2026-09-19,2002,1.26,n,310.98,293.17,N20,VIIRS,N
23.75814,86.40186,2026-09-19,2002,1.95,n,315.96,292.31,N20,VIIRS,N
23.75818,85.8506,2026-09-19,2002,1.03,n,307.48,291.99,N20,VIIRS,N
23.75875,86.39812,2026-09-19,2002,1.97,n,306.99,292.06,N20,VIIRS,N
23.76028,85.85869,2026-09-19,2002,1.44,n,312.97,292.14,N20,VIIRS,N
23.76143,86.4025,2026-09-19,2002,2.57,n,324.03,292.21,N20,VIIRS,N
23.76204,86.39875,2026-09-19,2002,1.87,n,312.65,292.02,N20,VIIRS,N
23.76265,86.395,2026-09-19,2002,1.87,n,307.77,292.65,N20,VIIRS,N
23.76413,86.40688,2026-09-19,2002,2.57,n,307.85,292.23,N20,VIIRS,N
23.76473,86.40313,2026-09-19,2002,2.57,n,340.62,293.77,N20,VIIRS,N
23.76655,86.39187,2026-09-19,2002,2.24,n,315.82,294.17,N20,VIIRS,N
23.76803,86.40376,2026-09-19,2002,3.7,n,331.65,293.37,N20,VIIRS,N
23.76863,86.4,2026-09-19,2002,2.28,n,309.81,292.97,N20,VIIRS,N
23.77045,86.38873,2026-09-19,2002,2.13,n,305.68,292.31,N20,VIIRS,N
23.77097,86.19568,2026-09-19,2002,1.04,n,307.7,291.93,N20,VIIRS,N
23.77366,86.20004,2026-09-19,2002,1.27,n,306.49,292.36,N20,VIIRS,N
23.77408,86.36622,2026-09-19,2002,2.3,n,314.84,292.21,N20,VIIRS,N
23.77426,86.19629,2026-09-19,2002,1.27,n,314.01,292.54,N20,VIIRS,N
23.77435,86.38561,2026-09-19,2002,1.3,n,306.85,292.5,N20,VIIRS,N
23.77469,86.36246,2026-09-19,2002,3.62,n,329.02,292.49,N20,VIIRS,N
23.77513,85.99998,2026-09-19,2002,1.0,n,309.93,292.22,N20,VIIRS,N
23.77515,86.21189,2026-09-19,2002,1.15,n,308.23,292.61,N20,VIIRS,N
23.77572,85.99624,2026-09-19,2002,1.0,n,308.11,292.46,N20,VIIRS,N
23.77739,86.38979,2026-09-19,2002,2.14,n,317.88,292.69,N20,VIIRS,N
23.778,86.38602,2026-09-19,2002,2.37,n,312.07,291.89,N20,VIIRS,N
23.77844,86.21251,2026-09-19,2002,2.45,n,317.83,292.68,N20,VIIRS,N
23.77876,86.14702,2026-09-19,2002,0.64,n,307.8,291.5,N20,VIIRS,N
23.77904,86.20876,2026-09-19,2002,2.77,n,324.36,293.53,N20,VIIRS,N
23.7804,86.34808,2026-09-19,2002,1.8,n,311.61,291.91,N20,VIIRS,N
23.78044,86.37102,2026-09-19,2002,1.6,n,306.3,292.37,N20,VIIRS,N
23.78069,86.3904,2026-09-19,2002,2.14,n,321.61,293.79,N20,VIIRS,N
23.78092,85.57468,2026-09-19,2002,1.53,n,308.65,293.87,N20,VIIRS,N
23.78151,85.57095,2026-09-19,2002,1.59,n,305.51,292.45,N20,VIIRS,N
23.78233,86.20939,2026-09-19,2002,2.77,n,323.42,293.17,N20,VIIRS,N
23.78312,86.3754,2026-09-19,2002,1.51,n,309.13,292.17,N20,VIIRS,N
23.78399,86.39103,2026-09-19,2002,1.67,n,304.69,291.85,N20,VIIRS,N
23.7853,86.34102,2026-09-19,2002,1.4,n,310.38,292.03,N20,VIIRS,N
23.78773,85.55286,2026-09-19,2002,1.75,n,316.62,292.87,N20,VIIRS,N
23.79519,86.23499,2026-09-19,2002,1.69,n,310.01,292.3,N20,VIIRS,N
23.79666,86.35478,2026-09-19,2002,1.9,n,314.39,292.26,N20,VIIRS,N
23.79726,86.35102,2026-09-19,2002,3.52,n,318.34,292.3,N20,VIIRS,N
23.80003,86.3129,2026-09-19,2002,1.17,n,305.73,292.29,N20,VIIRS,N
23.80359,86.33289,2026-09-19,2002,1.59,n,307.73,292.22,N20,VIIRS,N
23.8042,86.32915,2026-09-19,2002,4.47,n,328.47,293.89,N20,VIIRS,N
23.80749,86.32977,2026-09-19,2002,1.27,n,306.35,291.86,N20,VIIRS,N
23.8238,85.49728,2026-09-19,2002,1.11,n,311.72,294.39,N20,VIIRS,N
23.826,84.57253,2026-09-19,2002,1.36,n,307.21,291.27,N20,VIIRS,N
23.8271,85.49789,2026-09-19,2002,1.11,n,310.14,293.95,N20,VIIRS,N
23.82933,84.57312,2026-09-19,2002,1.27,n,308.44,290.96,N20,VIIRS,N
23.83834,85.46913,2026-09-19,2002,1.73,n,315.1,294.38,N20,VIIRS,N
23.84023,85.30353,2026-09-19,2002,0.71,n,303.97,290.94,N20,VIIRS,N
24.11587,86.86164,2026-09-19,2002,1.33,n,309.48,292.01,N20,VIIRS,N
24.11649,86.85783,2026-09-19,2002,1.33,n,312.92,291.66,N20,VIIRS,N
24.16338,82.63012,2026-09-19,2002,0.39,n,302.01,287.94,N20,VIIRS,N
24.18481,82.66078,2026-09-19,2002,0.9,n,305.66,290.5,N20,VIIRS,N
24.1989,82.71764,2026-09-19,2002,3.05,n,316.4,290.96,N20,VIIRS,N
24.20372,82.70918,2026-09-19,2002,1.24,n,309.88,290.46,N20,VIIRS,N
24.2068,82.52649,2026-09-19,2002,1.17,n,306.38,290.86,N20,VIIRS,N
24.20728,82.70983,2026-09-19,2002,0.98,n,306.33,291.04,N20,VIIRS,N
24.44998,83.03934,2026-09-19,2002,1.42,n,305.56,291.42,N20,VIIRS,N
24.92492,84.15405,2026-09-19,2002,2.57,n,306.5,292.15,N20,VIIRS,N
25.03702,87.38866,2026-09-19,2002,1.18,n,310.24,289.2,N20,VIIRS,N
25.57505,85.24626,2026-09-19,2002,0.38,n,308.07,293.5,N20,VIIRS,N
25.81226,88.88365,2026-09-19,2002,1.62,n,305.82,291.87,N20,VIIRS,N
26.76043,83.19894,2026-09-19,2002,6.61,n,312.52,293.22,N20,VIIRS,N
28.323,77.21689,2026-09-19,2002,0.36,n,304.51,293.74,N20,VIIRS,N
28.34594,77.25532,2026-09-19,2002,1.11,n,314.61,294.19,N20,VIIRS,N
28.37594,77.22356,2026-09-19,2002,0.55,n,307.94,293.98,N20,VIIRS,N
28.70909,76.85545,2026-09-19,2002,0.49,n,306.37,294.17,N20,VIIRS,N
28.77491,76.94707,2026-09-19,2002,1.51,n,322.46,294.16,N20,VIIRS,N
28.78024,76.94765,2026-09-19,2002,0.52,n,308.57,293.94,N20,VIIRS,N
29.1234,75.77717,2026-09-19,2002,0.84,n,305.55,294.91,N20,VIIRS,N
29.12507,75.77593,2026-09-19,2002,0.86,n,308.72,295.01,N20,VIIRS,N
29.22525,88.3516,2026-09-19,2002,1.04,n,301.51,281.35,N20,VIIRS,N
29.37581,91.15088,2026-09-19,2002,1.12,n,299.66,282.82,N20,VIIRS,N
31.25935,76.91826,2026-09-19,2002,0.5,n,300.04,289.72,N20,VIIRS,N
31.37157,76.35206,2026-09-19,2002,0.87,n,306.86,292.38,N20,VIIRS,N
17.60665,83.20277,2026-09-19,2004,1.43,n,313.5,282.82,N20,VIIRS,N
17.60998,83.20332,2026-09-19,2004,1.43,n,318.7,282.56,N20,VIIRS,N
17.69589,83.23974,2026-09-19,2004,1.1,n,304.85,282.13,N20,VIIRS,N
19.09713,82.16763,2026-09-19,2004,1.5,n,298.97,280.66,N20,VIIRS,N
20.69686,78.63512,2026-09-19,2004,1.6,n,296.85,263.36,N20,VIIRS,N
20.75995,85.29889,2026-09-19,2004,1.88,n,320.66,291.64,N20,VIIRS,N
20.76054,85.29523,2026-09-19,2004,1.88,n,316.08,290.81,N20,VIIRS,N
20.77387,85.33908,2026-09-19,2004,0.84,n,305.47,290.14,N20,VIIRS,N
20.78554,85.26583,2026-09-19,2004,1.52,n,311.01,290.97,N20,VIIRS,N
20.78612,85.26218,2026-09-19,2004,1.52,n,326.49,291.61,N20,VIIRS,N
20.7867,85.25852,2026-09-19,2004,1.29,n,309.63,290.92,N20,VIIRS,N
20.78883,85.26643,2026-09-19,2004,1.52,n,306.17,290.36,N20,VIIRS,N
20.79445,85.25238,2026-09-19,2004,5.53,n,333.35,291.78,N20,VIIRS,N
20.8004,85.25996,2026-09-19,2004,0.77,n,306.37,289.81,N20,VIIRS,N
20.80428,85.2569,2026-09-19,2004,0.77,n,306.11,290.31,N20,VIIRS,N
20.80757,85.25748,2026-09-19,2004,2.62,n,326.54,291.82,N20,VIIRS,N
20.80816,85.25383,2026-09-19,2004,1.4,n,305.79,290.16,N20,VIIRS,N
20.86363,84.98898,2026-09-19,2004,2.0,n,305.59,290.94,N20,VIIRS,N
20.86421,84.98531,2026-09-19,2004,1.06,n,311.15,290.17,N20,VIIRS,N
20.86635,84.99323,2026-09-19,2004,2.0,n,332.4,291.68,N20,VIIRS,N
20.86692,84.98956,2026-09-19,2004,2.0,n,323.24,291.67,N20,VIIRS,N
20.88512,84.98151,2026-09-19,2004,1.32,n,309.67,290.95,N20,VIIRS,N
20.88841,84.98209,2026-09-19,2004,1.32,n,318.74,291.48,N20,VIIRS,N
20.95193,86.04904,2026-09-19,2004,5.36,n,335.54,289.9,N20,VIIRS,N
20.95526,85.01274,2026-09-19,2004,1.03,n,310.3,291.68,N20,VIIRS,N
20.95855,85.01331,2026-09-19,2004,1.03,n,308.78,291.6,N20,VIIRS,N
20.96156,85.18717,2026-09-19,2004,3.1,n,316.07,291.27,N20,VIIRS,N
20.96214,85.1835,2026-09-19,2004,1.25,n,314.27,291.48,N20,VIIRS,N
20.96388,85.17252,2026-09-19,2004,1.49,n,323.31,291.83,N20,VIIRS,N
20.96446,85.16885,2026-09-19,2004,1.68,n,321.04,292.38,N20,VIIRS,N
20.96485,85.18776,2026-09-19,2004,3.1,n,334.99,292.34,N20,VIIRS,N
20.96504,85.16519,2026-09-19,2004,1.68,n,320.28,291.91,N20,VIIRS,N
20.96518,86.0515,2026-09-19,2004,2.05,n,307.58,289.68,N20,VIIRS,N
20.96543,85.1841,2026-09-19,2004,1.25,n,314.42,291.76,N20,VIIRS,N
20.96562,85.16152,2026-09-19,2004,1.69,n,309.74,291.4,N20,VIIRS,N
20.96601,85.18044,2026-09-19,2004,1.25,n,315.36,291.43,N20,VIIRS,N
20.96659,85.17677,2026-09-19,2004,1.49,n,306.75,291.76,N20,VIIRS,N
20.96678,85.15421,2026-09-19,2004,1.9,n,307.01,291.05,N20,VIIRS,N
20.96717,85.17311,2026-09-19,2004,1.49,n,311.39,291.57,N20,VIIRS,N
20.96775,85.16944,2026-09-19,2004,1.68,n,310.04,291.57,N20,VIIRS,N
20.96793,86.01374,2026-09-19,2004,2.25,n,317.94,288.93,N20,VIIRS,N
20.96989,85.17736,2026-09-19,2004,2.66,n,322.22,291.81,N20,VIIRS,N
20.97008,85.15479,2026-09-19,2004,1.9,n,326.0,292.1,N20,VIIRS,N
20.97047,85.1737,2026-09-19,2004,2.66,n,343.18,292.94,N20,VIIRS,N
20.97124,86.01436,2026-09-19,2004,1.88,n,305.42,289.06,N20,VIIRS,N
20.97376,85.17429,2026-09-19,2004,2.66,n,308.63,291.75,N20,VIIRS,N
20.97763,85.17122,2026-09-19,2004,1.49,n,323.79,292.53,N20,VIIRS,N
20.97821,85.16756,2026-09-19,2004,1.49,n,309.49,291.43,N20,VIIRS,N
20.97956,85.13765,2026-09-19,2004,1.41,n,308.97,292.08,N20,VIIRS,N
20.98014,85.134,2026-09-19,2004,2.43,n,310.26,292.2,N20,VIIRS,N
20.99563,86.01121,2026-09-19,2004,1.73,n,312.28,288.9,N20,VIIRS,N
20.99984,86.0273,2026-09-19,2004,1.85,n,307.54,290.41,N20,VIIRS,N
21.00368,86.02402,2026-09-19,2004,1.38,n,306.57,289.6,N20,VIIRS,N
21.0731,85.04089,2026-09-19,2004,1.02,n,310.77,291.36,N20,VIIRS,N
21.07524,85.04881,2026-09-19,2004,1.58,n,313.59,292.02,N20,VIIRS,N
21.07581,85.04514,2026-09-19,2004,1.02,n,307.37,292.17,N20,VIIRS,N
21.07639,85.04147,2026-09-19,2004,1.02,n,312.17,291.56,N20,VIIRS,N
21.07697,85.03781,2026-09-19,2004,7.5,n,342.93,293.54,N20,VIIRS,N
21.07969,85.04206,2026-09-19,2004,1.04,n,308.21,291.51,N20,VIIRS,N
21.08026,85.0384,2026-09-19,2004,2.28,n,329.82,292.01,N20,VIIRS,N
21.08084,85.03472,2026-09-19,2004,2.28,n,328.31,292.54,N20,VIIRS,N
21.23272,79.62821,2026-09-19,2004,0.57,n,298.76,273.83,N20,VIIRS,N
21.33582,78.96758,2026-09-19,2004,1.28,n,305.39,278.72,N20,VIIRS,N
21.75605,83.84505,2026-09-19,2004,2.13,n,309.9,280.45,N20,VIIRS,N
21.7594,83.84563,2026-09-19,2004,0.88,n,305.35,281.1,N20,VIIRS,N
21.75998,83.8418,2026-09-19,2004,0.88,n,303.63,281.31,N20,VIIRS,N
21.76218,83.85002,2026-09-19,2004,2.01,n,307.22,280.83,N20,VIIRS,N
21.76276,83.8462,2026-09-19,2004,0.88,n,302.27,280.62,N20,VIIRS,N
21.76328,84.01814,2026-09-19,2004,1.38,n,309.62,288.89,N20,VIIRS,N
21.76662,84.01871,2026-09-19,2004,1.58,n,320.21,289.73,N20,VIIRS,N
21.76664,85.57968,2026-09-19,2004,0.79,n,305.79,290.41,N20,VIIRS,N
21.76997,84.01929,2026-09-19,2004,1.58,n,307.44,289.01,N20,VIIRS,N
21.81857,83.99249,2026-09-19,2004,1.71,n,306.11,286.73,N20,VIIRS,N
21.85997,83.96833,2026-09-19,2004,0.65,n,306.31,286.2,N20,VIIRS,N
21.87498,83.49529,2026-09-19,2004,0.81,n,303.79,283.91,N20,VIIRS,N
21.87992,83.55631,2026-09-19,2004,0.65,n,301.34,278.94,N20,VIIRS,N
21.91668,83.35292,2026-09-19,2004,0.63,n,304.58,287.53,N20,VIIRS,N
21.92009,83.3535,2026-09-19,2004,2.1,n,320.73,288.8,N20,VIIRS,N
21.92067,83.34953,2026-09-19,2004,2.1,n,323.96,289.22,N20,VIIRS,N
21.92408,83.35011,2026-09-19,2004,2.1,n,317.81,288.75,N20,VIIRS,N
21.92493,85.22456,2026-09-19,2004,1.43,n,309.13,290.96,N20,VIIRS,N
21.92582,83.33821,2026-09-19,2004,1.43,n,315.63,288.78,N20,VIIRS,N
21.95477,83.80692,2026-09-19,2004,0.63,n,305.3,281.88,N20,VIIRS,N
21.95535,83.80306,2026-09-19,2004,0.63,n,304.19,281.4,N20,VIIRS,N
22.01607,83.75348,2026-09-19,2004,1.69,n,314.82,279.56,N20,VIIRS,N
22.03915,83.3522,2026-09-19,2004,1.05,n,297.8,270.7,N20,VIIRS,N
22.0397,83.73368,2026-09-19,2004,1.66,n,312.12,285.38,N20,VIIRS,N
22.04027,83.7298,2026-09-19,2004,1.66,n,316.48,284.63,N20,VIIRS,N
22.06451,83.70605,2026-09-19,2004,1.2,n,304.72,279.87,N20,VIIRS,N
22.13448,85.38329,2026-09-19,2004,1.0,n,307.12,291.2,N20,VIIRS,N
22.20452,84.84786,2026-09-19,2004,1.55,n,308.2,289.35,N20,VIIRS,N
22.2094,84.86019,2026-09-19,2004,2.21,n,307.65,289.88,N20,VIIRS,N
22.2096,84.5503,2026-09-19,2004,0.63,n,304.8,283.28,N20,VIIRS,N
22.21213,84.8645,2026-09-19,2004,2.21,n,331.22,290.53,N20,VIIRS,N
22.21701,84.87682,2026-09-19,2004,1.17,n,306.19,289.77,N20,VIIRS,N
22.31545,84.76791,2026-09-19,2004,1.43,n,305.71,291.03,N20,VIIRS,N
22.31886,82.56233,2026-09-19,2004,0.86,n,300.53,274.26,N20,VIIRS,N
22.57358,85.89606,2026-09-19,2004,2.44,n,309.11,292.07,N20,VIIRS,N
22.59275,85.90345,2026-09-19,2004,1.27,n,305.03,289.41,N20,VIIRS,N
22.78869,86.20778,2026-09-19,2004,1.01,n,306.49,289.89,N20,VIIRS,N
22.7893,86.20404,2026-09-19,2004,2.09,n,308.66,289.55,N20,VIIRS,N
22.79051,86.19659,2026-09-19,2004,4.01,n,337.09,291.85,N20,VIIRS,N
22.79139,86.21214,2026-09-19,2004,1.93,n,313.54,290.49,N20,VIIRS,N
22.79919,86.20592,2026-09-19,2004,1.15,n,325.3,290.49,N20,VIIRS,N
22.7998,86.20219,2026-09-19,2004,1.15,n,309.7,291.05,N20,VIIRS,N
22.80078,86.09097,2026-09-19,2004,1.12,n,306.39,292.65,N20,VIIRS,N
22.81127,86.08908,2026-09-19,2004,0.86,n,307.82,292.22,N20,VIIRS,N
22.81516,86.08597,2026-09-19,2004,1.18,n,306.19,291.6,N20,VIIRS,N
22.81846,86.08659,2026-09-19,2004,0.6,n,307.4,291.5,N20,VIIRS,N
22.85781,86.0544,2026-09-19,2004,0.69,n,304.33,291.17,N20,VIIRS,N
22.87368,86.06121,2026-09-19,2004,1.42,n,311.09,292.08,N20,VIIRS,N
23.16543,82.33973,2026-09-19,2004,2.12,n,309.15,275.54,N20,VIIRS,N
23.16604,82.33529,2026-09-19,2004,1.17,n,298.07,274.14,N20,VIIRS,N
24.66176,74.63097,2026-09-19,2004,1.67,n,303.82,287.87,N20,VIIRS,N
24.66305,74.62963,2026-09-19,2004,1.36,n,303.55,287.72,N20,VIIRS,N
24.76331,74.60503,2026-09-19,2004,1.41,n,305.56,287.83,N20,VIIRS,N
24.7646,74.60448,2026-09-19,2004,1.4,n,308.05,288.22,N20,VIIRS,N
12.87542,79.88532,2026-09-19,2006,1.28,n,295.03,270.94,N20,VIIRS,N
15.66084,73.98598,2026-09-19,2006,0.56,n,302.79,277.06,N20,VIIRS,N
8.46172,80.40818,2026-09-19,2008,1.87,n,329.78,290.91,N20,VIIRS,N
8.46512,80.4087,2026-09-19,2008,1.87,n,308.93,291.01,N20,VIIRS,N
8.66998,77.99268,2026-09-19,2008,0.62,n,297.68,273.35,N20,VIIRS,N
30.78486,70.03537,2026-09-19,2142,1.16,n,304.86,287.42,N20,VIIRS,N
31.26162,76.92526,2026-09-19,2142,1.11,n,300.32,287.99,N20,VIIRS,N
31.36614,76.35643,2026-09-19,2142,0.65,n,301.96,291.53,N20,VIIRS,N
31.77139,70.10714,2026-09-19,2142,0.77,n,307.73,292.56,N20,VIIRS,N
32.72392,72.92401,2026-09-19,2142,0.65,n,305.62,293.06,N20,VIIRS,N
32.89003,71.61552,2026-09-19,2142,1.52,n,309.48,292.99,N20,VIIRS,N
33.29682,71.18546,2026-09-19,2142,1.19,n,307.84,292.45,N20,VIIRS,N
21.10038,72.63519,2026-09-19,2144,2.14,n,303.85,285.78,N20,VIIRS,N
21.10389,72.63309,2026-09-19,2144,4.43,n,313.29,285.52,N20,VIIRS,N
21.10405,72.64779,2026-09-19,2144,3.04,n,301.83,285.96,N20,VIIRS,N
21.10533,72.64235,2026-09-19,2144,3.04,n,315.96,286.21,N20,VIIRS,N
21.10661,72.63691,2026-09-19,2144,2.14,n,302.71,286.17,N20,VIIRS,N
21.10751,72.64562,2026-09-19,2144,7.25,n,318.76,286.67,N20,VIIRS,N
22.2677,75.13026,2026-09-19,2144,1.06,n,300.85,287.33,N20,VIIRS,N
22.33166,69.74821,2026-09-19,2144,1.34,n,305.26,293.53,N20,VIIRS,N
22.41432,69.03868,2026-09-19,2144,1.0,n,309.71,293.81,N20,VIIRS,N
22.41924,69.03994,2026-09-19,2144,0.91,n,312.8,293.76,N20,VIIRS,N
22.9341,69.69615,2026-09-19,2144,0.95,n,306.45,293.49,N20,VIIRS,N
23.4079,72.41495,2026-09-19,2144,0.46,n,304.23,288.61,N20,VIIRS,N
23.49803,68.57835,2026-09-19,2144,1.71,n,309.77,295.89,N20,VIIRS,N
25.39002,68.58538,2026-09-19,2144,1.94,n,310.77,295.97,N20,VIIRS,N
25.39012,68.58351,2026-09-19,2144,2.07,n,315.33,296.25,N20,VIIRS,N
26.26021,74.09663,2026-09-19,2144,0.99,n,303.17,290.32,N20,VIIRS,N
18.68424,73.03368,2026-09-19,2146,2.77,n,298.73,279.04,N20,VIIRS,N
18.68578,73.02732,2026-09-19,2146,1.72,n,300.36,279.86,N20,VIIRS,N
20.75905,85.29786,2026-09-20,716,3.53,n,328.64,295.4,N20,VIIRS,D
20.78524,85.26197,2026-09-20,716,5.01,n,336.54,296.47,N20,VIIRS,D
20.7925,85.25673,2026-09-20,716,5.45,n,326.89,295.22,N20,VIIRS,D
20.80503,85.25785,2026-09-20,716,3.8,n,327.56,296.15,N20,VIIRS,D
20.86439,84.98729,2026-09-20,716,4.78,n,331.39,289.22,N20,VIIRS,D
20.95098,86.04514,2026-09-20,716,4.34,n,327.25,294.12,N20,VIIRS,D
20.95185,86.05006,2026-09-20,716,4.34,n,326.98,294.01,N20,VIIRS,D
20.96442,86.01403,2026-09-20,716,4.96,n,327.74,293.75,N20,VIIRS,D
20.99555,86.01286,2026-09-20,716,5.03,n,335.65,294.14,N20,VIIRS,D
21.07588,85.03978,2026-09-20,716,6.79,n,343.94,293.26,N20,VIIRS,D
21.07986,85.03893,2026-09-20,716,6.79,n,329.45,291.7,N20,VIIRS,D
22.3185,82.56506,2026-09-20,716,3.93,n,327.59,292.96,N20,VIIRS,D
22.31906,82.59113,2026-09-20,716,6.55,n,340.98,292.36,N20,VIIRS,D
22.32356,82.58999,2026-09-20,716,7.09,n,340.61,292.45,N20,VIIRS,D
27.74538,96.12411,2026-09-20,716,4.89,n,335.28,289.21,N20,VIIRS,D
27.81976,96.31673,2026-09-20,716,3.52,n,337.89,289.48,N20,VIIRS,D
31.75117,74.22893,2026-09-20,720,7.49,n,349.18,297.32,N20,VIIRS,D
31.75249,74.22868,2026-09-20,720,6.78,n,348.8,297.21,N20,VIIRS,D
9.1461,78.24368,2026-09-20,854,2.19,n,330.47,284.85,N20,VIIRS,D
9.14637,78.24123,2026-09-20,854,3.6,n,337.47,285.3,N20,VIIRS,D
9.40093,78.90057,2026-09-20,854,3.1,n,332.37,280.85,N20,VIIRS,D
10.91339,77.24493,2026-09-20,854,1.84,n,331.87,290.83,N20,VIIRS,D
12.10892,76.93208,2026-09-20,854,3.04,n,331.79,284.49,N20,VIIRS,D
12.3654,76.82854,2026-09-20,854,1.36,n,328.11,278.75,N20,VIIRS,D
15.81305,74.9028,2026-09-20,856,4.83,n,332.5,301.71,N20,VIIRS,D
17.01515,74.87876,2026-09-20,856,4.15,n,342.38,298.67,N20,VIIRS,D
18.54101,74.30173,2026-09-20,856,2.06,n,334.78,294.73,N20,VIIRS,D
19.36772,71.35377,2026-09-20,856,5.58,n,338.79,291.43,N20,VIIRS,D
22.80204,70.89408,2026-09-20,858,1.83,n,334.53,295.93,N20,VIIRS,D
23.11944,70.08595,2026-09-20,858,2.01,n,330.85,297.67,N20,VIIRS,D
24.8516,69.21294,2026-09-20,858,6.61,n,341.49,303.04,N20,VIIRS,D
24.9751,68.16383,2026-09-20,858,15.16,l,339.78,310.67,N20,VIIRS,D
24.97656,68.16115,2026-09-20,858,30.9,n,352.86,313.07,N20,VIIRS,D
31.12047,74.68233,2026-09-20,900,5.38,n,331.04,298.8,N20,VIIRS,D
31.12261,74.68405,2026-09-20,900,4.68,n,343.39,299.84,N20,VIIRS,D
31.35372,72.94551,2026-09-20,900,2.15,n,334.92,299.45,N20,VIIRS,D
31.4519,74.87649,2026-09-20,900,4.05,n,338.6,299.07,N20,VIIRS,D
31.45558,74.87454,2026-09-20,900,5.64,n,332.77,298.68,N20,VIIRS,D
31.53168,74.529,2026-09-20,900,4.0,n,335.08,298.29,N20,VIIRS,D
31.53196,74.53394,2026-09-20,900,4.0,n,337.15,298.81,N20,VIIRS,D
31.53327,74.53089,2026-09-20,900,6.73,n,355.55,299.57,N20,VIIRS,D
31.66455,77.31993,2026-09-20,900,9.43,n,331.51,294.41,N20,VIIRS,D
31.66479,77.32564,2026-09-20,900,8.0,n,327.04,293.84,N20,VIIRS,D
31.66543,77.31978,2026-09-20,900,11.91,n,339.54,294.42,N20,VIIRS,D
31.87234,74.7244,2026-09-20,900,4.09,n,331.7,298.66,N20,VIIRS,D
31.92649,70.50484,2026-09-20,900,1.72,n,330.04,297.54,N20,VIIRS,D
35.4362,73.61758,2026-09-20,900,4.47,n,333.61,297.67,N20,VIIRS,D
35.99115,94.8314,2026-09-20,1940,1.84,n,308.3,277.07,N20,VIIRS,N
29.37791,91.15096,2026-09-20,1942,1.69,n,301.51,279.31,N20,VIIRS,N
20.53217,85.9052,2026-09-20,1945,0.55,n,304.58,284.63,N20,VIIRS,N
20.78831,85.26603,2026-09-20,1945,1.75,n,308.23,288.74,N20,VIIRS,N
20.79417,85.25134,2026-09-20,1945,2.96,n,325.55,288.39,N20,VIIRS,N
20.80506,85.25813,2026-09-20,1945,2.0,n,309.35,288.69,N20,VIIRS,N
20.80892,85.25868,2026-09-20,1945,1.56,n,306.2,288.62,N20,VIIRS,N
20.8096,85.25357,2026-09-20,1945,1.39,n,307.29,288.38,N20,VIIRS,N
20.87114,84.99854,2026-09-20,1945,1.78,n,304.04,289.58,N20,VIIRS,N
20.87126,84.99799,2026-09-20,1945,3.49,n,304.62,290.05,N20,VIIRS,N
20.9419,86.06066,2026-09-20,1945,1.37,n,305.06,286.26,N20,VIIRS,N
20.95113,86.0479,2026-09-20,1945,2.37,n,311.19,287.25,N20,VIIRS,N
20.95174,86.04324,2026-09-20,1945,3.44,n,324.61,287.69,N20,VIIRS,N
20.96261,85.19024,2026-09-20,1945,3.47,n,320.07,289.96,N20,VIIRS,N
20.96327,85.1851,2026-09-20,1945,2.52,n,319.42,289.06,N20,VIIRS,N
20.96393,85.17992,2026-09-20,1945,2.52,n,307.33,288.9,N20,VIIRS,N
20.96412,86.00692,2026-09-20,1945,3.72,n,326.78,279.51,N20,VIIRS,N
20.96459,85.17471,2026-09-20,1945,2.35,n,315.36,289.55,N20,VIIRS,N
20.96526,85.16948,2026-09-20,1945,2.35,n,309.05,288.99,N20,VIIRS,N
20.9659,86.05021,2026-09-20,1945,1.78,n,311.95,287.42,N20,VIIRS,N
20.96592,85.16428,2026-09-20,1945,3.23,n,311.33,288.35,N20,VIIRS,N
20.96848,85.17528,2026-09-20,1945,2.35,n,327.91,288.76,N20,VIIRS,N
20.96914,85.17005,2026-09-20,1945,2.35,n,306.98,289.16,N20,VIIRS,N
20.97114,85.15437,2026-09-20,1945,2.14,n,308.91,286.21,N20,VIIRS,N
20.97236,85.17583,2026-09-20,1945,1.62,n,307.46,286.4,N20,VIIRS,N
20.97691,85.17117,2026-09-20,1945,1.62,n,314.89,288.71,N20,VIIRS,N
21.07769,85.03757,2026-09-20,1945,4.31,n,335.4,290.41,N20,VIIRS,N
21.07798,85.03616,2026-09-20,1945,4.68,n,335.65,290.89,N20,VIIRS,N
21.07835,85.03228,2026-09-20,1945,4.31,n,302.35,289.54,N20,VIIRS,N
21.08161,85.03815,2026-09-20,1945,1.13,n,305.5,289.27,N20,VIIRS,N
21.08189,85.03674,2026-09-20,1945,4.68,n,310.77,289.62,N20,VIIRS,N
21.08228,85.03286,2026-09-20,1945,1.13,n,302.53,289.28,N20,VIIRS,N
21.18114,81.38513,2026-09-20,1945,2.23,n,314.44,287.01,N20,VIIRS,N
21.1861,81.38574,2026-09-20,1945,2.23,n,305.08,287.1,N20,VIIRS,N
21.20059,81.40125,2026-09-20,1945,4.18,n,334.12,286.59,N20,VIIRS,N
21.31235,81.58861,2026-09-20,1945,1.26,n,304.07,286.7,N20,VIIRS,N
21.36642,81.68433,2026-09-20,1945,1.8,n,303.11,286.42,N20,VIIRS,N
21.37653,81.63822,2026-09-20,1945,1.08,n,304.87,287.07,N20,VIIRS,N
21.37683,81.67972,2026-09-20,1945,2.16,n,307.87,286.1,N20,VIIRS,N
21.37888,81.64006,2026-09-20,1945,1.93,n,304.58,287.12,N20,VIIRS,N
21.37949,81.68157,2026-09-20,1945,1.44,n,305.79,286.19,N20,VIIRS,N
21.47337,97.27766,2026-09-20,1945,0.65,n,303.25,284.82,N20,VIIRS,N
21.487,81.76641,2026-09-20,1945,1.47,n,305.06,285.66,N20,VIIRS,N
21.74767,83.84072,2026-09-20,1945,2.13,n,310.24,279.18,N20,VIIRS,N
21.75554,83.84048,2026-09-20,1945,1.08,n,300.51,278.5,N20,VIIRS,N
21.7562,83.84184,2026-09-20,1945,1.64,n,306.27,278.88,N20,VIIRS,N
21.758,83.81921,2026-09-20,1945,0.58,n,301.53,279.95,N20,VIIRS,N
21.7598,83.84106,2026-09-20,1945,1.08,n,300.93,278.73,N20,VIIRS,N
21.76046,83.84241,2026-09-20,1945,1.18,n,302.27,278.49,N20,VIIRS,N
21.76308,83.85017,2026-09-20,1945,1.23,n,308.46,278.76,N20,VIIRS,N
21.76357,83.84593,2026-09-20,1945,0.74,n,301.38,278.9,N20,VIIRS,N
21.76419,83.84727,2026-09-20,1945,1.18,n,308.07,278.97,N20,VIIRS,N
21.87476,83.49566,2026-09-20,1945,0.64,n,300.22,279.71,N20,VIIRS,N
21.87912,83.49628,2026-09-20,1945,0.64,n,300.48,279.42,N20,VIIRS,N
21.88086,83.55597,2026-09-20,1945,0.45,n,298.93,276.45,N20,VIIRS,N
21.91836,83.35081,2026-09-20,1945,1.61,n,299.89,278.96,N20,VIIRS,N
21.91895,83.34888,2026-09-20,1945,2.48,n,299.17,278.11,N20,VIIRS,N
21.92277,83.35143,2026-09-20,1945,1.61,n,321.59,280.21,N20,VIIRS,N
21.92329,83.34681,2026-09-20,1945,1.61,n,304.44,278.65,N20,VIIRS,N
21.92335,83.34949,2026-09-20,1945,2.48,n,325.0,279.93,N20,VIIRS,N
21.98576,83.23212,2026-09-20,1945,0.23,n,300.59,271.2,N20,VIIRS,N
22.00775,82.67078,2026-09-20,1945,0.83,n,295.44,269.21,N20,VIIRS,N
22.01481,83.75535,2026-09-20,1945,1.5,n,304.24,277.21,N20,VIIRS,N
22.01859,83.3367,2026-09-20,1945,1.12,n,306.35,285.73,N20,VIIRS,N
22.03295,83.36681,2026-09-20,1945,1.88,n,306.18,288.11,N20,VIIRS,N
22.03296,83.36491,2026-09-20,1945,2.49,n,306.55,287.8,N20,VIIRS,N
22.03892,83.35176,2026-09-20,1945,3.06,n,311.66,285.93,N20,VIIRS,N
22.039,83.35371,2026-09-20,1945,2.36,n,308.07,286.43,N20,VIIRS,N
22.0394,83.73211,2026-09-20,1945,2.23,n,308.34,283.92,N20,VIIRS,N
22.03955,83.34908,2026-09-20,1945,1.36,n,307.96,286.01,N20,VIIRS,N
22.0646,83.70432,2026-09-20,1945,1.02,n,302.81,281.93,N20,VIIRS,N
22.20257,84.57671,2026-09-20,1945,1.03,n,305.3,282.47,N20,VIIRS,N
22.20756,84.86973,2026-09-20,1945,0.46,n,298.08,267.78,N20,VIIRS,N
22.20896,84.85838,2026-09-20,1945,0.49,n,296.83,270.84,N20,VIIRS,N
22.20932,84.54865,2026-09-20,1945,0.87,n,305.55,283.63,N20,VIIRS,N
22.21011,84.54993,2026-09-20,1945,0.94,n,304.41,282.91,N20,VIIRS,N
22.21532,84.84,2026-09-20,1945,0.75,n,303.95,274.52,N20,VIIRS,N
22.22494,83.48114,2026-09-20,1945,0.91,n,303.03,287.08,N20,VIIRS,N
22.32206,82.56409,2026-09-20,1945,1.4,n,302.94,280.71,N20,VIIRS,N
22.32247,82.58744,2026-09-20,1945,1.53,n,305.05,279.32,N20,VIIRS,N
22.32377,82.59079,2026-09-20,1945,1.72,n,309.68,279.57,N20,VIIRS,N
22.33013,82.60429,2026-09-20,1945,1.36,n,303.26,275.78,N20,VIIRS,N
22.3313,82.60766,2026-09-20,1945,0.86,n,303.11,275.35,N20,VIIRS,N
22.36094,82.30264,2026-09-20,1945,1.53,n,305.11,273.75,N20,VIIRS,N
22.36229,82.29918,2026-09-20,1945,0.64,n,300.1,273.33,N20,VIIRS,N
22.3775,87.28081,2026-09-20,1945,1.16,n,300.07,269.91,N20,VIIRS,N
22.37811,87.27651,2026-09-20,1945,1.16,n,305.3,269.51,N20,VIIRS,N
22.4723,91.73542,2026-09-20,1945,0.6,n,305.48,284.1,N20,VIIRS,N
22.47799,90.70917,2026-09-20,1945,0.61,n,298.26,273.29,N20,VIIRS,N
22.87329,88.21214,2026-09-20,1945,0.82,n,305.2,285.01,N20,VIIRS,N
23.16778,82.3417,2026-09-20,1945,1.96,n,303.57,281.75,N20,VIIRS,N
23.55557,87.24114,2026-09-20,1945,1.85,n,305.9,282.76,N20,VIIRS,N
23.55915,87.24172,2026-09-20,1945,1.31,n,304.37,282.47,N20,VIIRS,N
23.6326,86.2952,2026-09-20,1945,1.12,n,302.8,285.99,N20,VIIRS,N
23.6637,87.16022,2026-09-20,1945,1.15,n,302.03,284.58,N20,VIIRS,N
23.66432,87.15569,2026-09-20,1945,1.15,n,305.89,283.67,N20,VIIRS,N
23.67452,85.3241,2026-09-20,1945,1.33,n,301.51,286.89,N20,VIIRS,N
23.67607,86.40242,2026-09-20,1945,2.0,n,307.95,286.42,N20,VIIRS,N
23.67672,86.39754,2026-09-20,1945,3.73,n,318.41,287.09,N20,VIIRS,N
23.67891,90.39069,2026-09-20,1945,0.83,n,299.54,273.9,N20,VIIRS,N
23.67918,86.08229,2026-09-20,1945,0.86,n,300.0,280.64,N20,VIIRS,N
23.68046,86.39816,2026-09-20,1945,2.61,n,312.07,286.7,N20,VIIRS,N
23.68169,86.09304,2026-09-20,1945,2.14,n,310.28,281.5,N20,VIIRS,N
23.68299,86.08285,2026-09-20,1945,1.19,n,301.79,280.63,N20,VIIRS,N
23.68485,86.39384,2026-09-20,1945,2.61,n,322.16,287.43,N20,VIIRS,N
23.68551,86.38887,2026-09-20,1945,1.43,n,305.44,285.69,N20,VIIRS,N
23.69546,85.28608,2026-09-20,1945,1.37,n,306.61,287.52,N20,VIIRS,N
23.69955,86.07495,2026-09-20,1945,1.05,n,301.47,280.56,N20,VIIRS,N
23.7091,86.44958,2026-09-20,1945,1.18,n,305.48,281.45,N20,VIIRS,N
23.71234,85.28109,2026-09-20,1945,0.84,n,302.49,287.92,N20,VIIRS,N
23.71283,86.45017,2026-09-20,1945,2.8,n,313.8,281.98,N20,VIIRS,N
23.71661,86.42076,2026-09-20,1945,0.95,n,303.26,283.49,N20,VIIRS,N
23.71782,86.44097,2026-09-20,1945,1.45,n,307.45,282.07,N20,VIIRS,N
23.72035,86.42136,2026-09-20,1945,0.95,n,308.39,283.53,N20,VIIRS,N
23.72219,86.43666,2026-09-20,1945,1.29,n,303.32,281.92,N20,VIIRS,N
23.72593,86.43726,2026-09-20,1945,1.29,n,302.65,281.91,N20,VIIRS,N
23.73778,86.43414,2026-09-20,1945,2.14,n,324.79,282.42,N20,VIIRS,N
23.73842,86.42925,2026-09-20,1945,2.14,n,306.0,282.61,N20,VIIRS,N
23.75155,86.41637,2026-09-20,1945,3.08,n,322.14,284.13,N20,VIIRS,N
23.75722,86.40218,2026-09-20,1945,1.49,n,310.12,284.72,N20,VIIRS,N
23.76096,86.40279,2026-09-20,1945,1.49,n,309.62,283.92,N20,VIIRS,N
23.76161,86.39783,2026-09-20,1945,2.67,n,312.3,285.1,N20,VIIRS,N
23.76471,86.40338,2026-09-20,1945,3.69,n,328.14,285.78,N20,VIIRS,N
23.766,86.3935,2026-09-20,1945,1.88,n,308.03,287.33,N20,VIIRS,N
23.76846,86.40396,2026-09-20,1945,3.69,n,325.52,286.12,N20,VIIRS,N
23.76857,86.37383,2026-09-20,1945,1.87,n,305.97,286.56,N20,VIIRS,N
23.7691,86.39902,2026-09-20,1945,1.88,n,305.77,286.5,N20,VIIRS,N
23.77233,86.19633,2026-09-20,1945,2.35,n,307.68,282.67,N20,VIIRS,N
23.77362,86.36451,2026-09-20,1945,3.42,n,325.14,286.89,N20,VIIRS,N
23.77478,86.38489,2026-09-20,1945,1.81,n,306.06,286.88,N20,VIIRS,N
23.77738,86.3651,2026-09-20,1945,2.28,n,304.18,286.35,N20,VIIRS,N
23.77788,86.39042,2026-09-20,1945,1.81,n,319.52,287.27,N20,VIIRS,N
23.77853,86.38549,2026-09-20,1945,1.81,n,310.15,286.48,N20,VIIRS,N
23.78163,86.39102,2026-09-20,1945,2.38,n,313.47,286.61,N20,VIIRS,N
23.80513,86.32904,2026-09-20,1945,1.54,n,298.68,278.8,N20,VIIRS,N
23.83944,85.4709,2026-09-20,1945,1.42,n,305.16,288.81,N20,VIIRS,N
24.20085,82.71344,2026-09-20,1945,2.45,n,303.89,286.97,N20,VIIRS,N
24.20616,82.70859,2026-09-20,1945,1.75,n,306.13,287.84,N20,VIIRS,N
24.20635,82.52219,2026-09-20,1945,1.2,n,303.82,288.9,N20,VIIRS,N
24.54318,97.74043,2026-09-20,1945,0.6,n,297.88,282.45,N20,VIIRS,N
24.91128,91.82921,2026-09-20,1945,0.43,n,306.7,292.28,N20,VIIRS,N
26.64161,79.47361,2026-09-20,1945,0.99,n,301.31,284.46,N20,VIIRS,N
26.64429,79.47345,2026-09-20,1945,1.09,n,304.5,286.39,N20,VIIRS,N
26.76138,83.19637,2026-09-20,1945,1.41,n,306.12,288.63,N20,VIIRS,N
17.14744,78.22325,2026-09-20,1947,0.79,n,299.99,284.4,N20,VIIRS,N
17.14758,78.22117,2026-09-20,1947,1.0,n,301.44,284.56,N20,VIIRS,N
18.54161,83.34273,2026-09-20,1947,1.75,n,316.55,289.58,N20,VIIRS,N
24.66118,74.63342,2026-09-20,2123,0.9,n,309.66,291.64,N20,VIIRS,N
24.66187,74.63026,2026-09-20,2123,0.9,n,303.42,290.6,N20,VIIRS,N
24.68979,73.00032,2026-09-20,2123,2.05,n,306.98,292.58,N20,VIIRS,N
24.69055,73.00314,2026-09-20,2123,1.73,n,308.96,293.75,N20,VIIRS,N
24.69253,74.67904,2026-09-20,2123,0.86,n,305.61,290.29,N20,VIIRS,N
24.81949,73.09024,2026-09-20,2123,1.31,n,303.93,292.59,N20,VIIRS,N
24.93293,74.63299,2026-09-20,2123,0.89,n,312.14,291.41,N20,VIIRS,N
25.38799,68.58089,2026-09-20,2123,1.46,n,322.49,295.43,N20,VIIRS,N
25.94247,72.19097,2026-09-20,2123,1.25,n,311.8,296.62,N20,VIIRS,N
26.26045,74.09645,2026-09-20,2123,1.4,n,307.01,295.7,N20,VIIRS,N
26.62944,72.69261,2026-09-20,2123,1.15,n,311.88,294.98,N20,VIIRS,N
26.63058,72.69504,2026-09-20,2123,1.65,n,319.89,295.43,N20,VIIRS,N
26.63367,72.6937,2026-09-20,2123,1.15,n,308.82,295.09,N20,VIIRS,N
26.8769,73.51711,2026-09-20,2123,3.05,n,308.34,295.78,N20,VIIRS,N
28.42508,69.70034,2026-09-20,2123,1.09,n,311.39,297.74,N20,VIIRS,N
31.26117,76.92439,2026-09-20,2123,0.56,n,300.39,288.29,N20,VIIRS,N
31.7701,70.10849,2026-09-20,2123,1.37,n,308.63,294.55,N20,VIIRS,N
32.29096,70.73861,2026-09-20,2123,2.82,n,309.17,296.93,N20,VIIRS,N
32.88885,71.61877,2026-09-20,2123,2.71,n,313.77,296.52,N20,VIIRS,N
32.89026,71.6165,2026-09-20,2123,2.72,n,312.52,296.26,N20,VIIRS,N
33.24231,71.52038,2026-09-20,2123,0.46,n,303.86,293.33,N20,VIIRS,N
33.29792,71.18826,2026-09-20,2123,1.64,n,310.48,294.08,N20,VIIRS,N
33.29866,71.18613,2026-09-20,2123,1.88,n,316.61,293.79,N20,VIIRS,N
33.54577,71.55003,2026-09-20,2123,1.27,n,308.46,294.1,N20,VIIRS,N
33.80251,72.09717,2026-09-20,2123,1.1,n,305.96,295.08,N20,VIIRS,N
34.23056,71.64503,2026-09-20,2123,1.36,n,311.8,293.67,N20,VIIRS,N
35.43604,73.60377,2026-09-20,2123,2.98,n,316.63,284.93,N20,VIIRS,N
35.97099,68.68607,2026-09-20,2123,0.74,n,301.9,291.49,N20,VIIRS,N
20.86759,70.5662,2026-09-20,2125,0.82,n,303.39,290.03,N20,VIIRS,N
20.91101,71.45655,2026-09-20,2125,1.2,n,305.53,291.49,N20,VIIRS,N
21.10324,72.63805,2026-09-20,2125,5.12,n,323.26,293.09,N20,VIIRS,N
21.10437,72.63262,2026-09-20,2125,5.12,n,322.98,292.55,N20,VIIRS,N
21.10682,72.64461,2026-09-20,2125,13.41,n,344.04,293.72,N20,VIIRS,N
21.11379,72.63484,2026-09-20,2125,3.08,n,312.92,293.3,N20,VIIRS,N
21.24951,79.20467,2026-09-20,2125,0.83,n,299.52,274.83,N20,VIIRS,N
22.26448,75.13186,2026-09-20,2125,0.54,n,302.22,280.68,N20,VIIRS,N
22.34098,69.85423,2026-09-20,2125,2.93,n,306.58,292.05,N20,VIIRS,N
22.93171,69.7038,2026-09-20,2125,1.15,n,304.53,284.7,N20,VIIRS,N
22.93444,69.70137,2026-09-20,2125,0.92,n,309.46,283.69,N20,VIIRS,N
23.31494,70.48695,2026-09-20,2125,0.91,n,305.07,291.65,N20,VIIRS,N
23.4961,68.57761,2026-09-20,2125,1.52,n,307.41,295.33,N20,VIIRS,N
23.49967,68.57837,2026-09-20,2125,1.52,n,307.69,295.16,N20,VIIRS,N
28.34867,77.22992,2026-09-20,2125,0.6,n,308.09,292.0,N20,VIIRS,N
28.37262,77.22483,2026-09-20,2125,0.67,n,308.09,291.7,N20,VIIRS,N
28.37494,77.22557,2026-09-20,2125,0.39,n,306.21,291.98,N20,VIIRS,N
28.85372,77.14367,2026-09-20,2125,0.52,n,303.35,292.24,N20,VIIRS,N
29.43201,69.88608,2026-09-20,2125,2.01,n,307.78,294.54,N20,VIIRS,N
30.44595,70.56657,2026-09-20,2125,1.86,n,307.96,295.91,N20,VIIRS,N
30.44704,70.56906,2026-09-20,2125,1.58,n,307.34,295.68,N20,VIIRS,N
22.30421,97.97862,2026-09-21,657,2.08,n,328.96,297.28,N20,VIIRS,D
22.74799,97.63405,2026-09-21,657,4.08,n,337.03,295.79,N20,VIIRS,D
22.89597,97.42674,2026-09-21,657,2.51,n,329.29,293.49,N20,VIIRS,D
23.67505,86.3981,2026-09-21,659,6.96,n,327.42,289.24,N20,VIIRS,D
23.96094,97.72862,2026-09-21,659,4.71,n,330.44,297.68,N20,VIIRS,D
25.19009,96.66959,2026-09-21,659,2.97,n,331.98,296.48,N20,VIIRS,D
27.37653,95.3359,2026-09-21,659,3.14,n,340.34,295.14,N20,VIIRS,D
29.5523,90.99751,2026-09-21,659,6.04,l,328.35,298.94,N20,VIIRS,D
29.6341,90.98811,2026-09-21,659,3.35,n,331.64,298.14,N20,VIIRS,D
29.6416,90.96119,2026-09-21,659,2.92,n,333.23,301.02,N20,VIIRS,D
29.6562,91.16256,2026-09-21,659,2.6,n,329.78,299.46,N20,VIIRS,D
29.66133,90.99556,2026-09-21,659,4.97,n,342.53,298.49,N20,VIIRS,D
29.66395,91.09312,2026-09-21,659,5.99,n,339.57,300.85,N20,VIIRS,D
29.68295,91.14432,2026-09-21,659,1.82,n,332.29,301.39,N20,VIIRS,D
29.68685,90.89967,2026-09-21,659,4.59,l,327.21,297.7,N20,VIIRS,D
7.18219,81.63405,2026-09-21,835,4.3,n,340.06,288.85,N20,VIIRS,D
7.27775,81.71912,2026-09-21,835,3.94,n,339.74,286.86,N20,VIIRS,D
8.24919,80.6834,2026-09-21,835,6.83,n,337.85,293.02,N20,VIIRS,D
8.35608,81.29126,2026-09-21,835,3.27,n,341.94,289.73,N20,VIIRS,D
8.35649,81.29428,2026-09-21,835,6.36,n,337.61,289.9,N20,VIIRS,D
8.36118,81.2906,2026-09-21,835,3.27,n,331.33,289.63,N20,VIIRS,D
8.69219,80.45532,2026-09-21,835,8.85,n,340.95,292.0,N20,VIIRS,D
8.69292,80.46066,2026-09-21,835,7.86,n,339.34,291.68,N20,VIIRS,D
8.75376,78.03644,2026-09-21,835,6.37,n,343.62,298.83,N20,VIIRS,D
8.87008,78.15746,2026-09-21,835,2.36,n,337.82,295.35,N20,VIIRS,D
8.87311,78.08807,2026-09-21,835,5.3,n,345.56,299.9,N20,VIIRS,D
10.81165,78.77667,2026-09-21,835,2.39,n,331.37,293.0,N20,VIIRS,D
15.33654,76.27684,2026-09-21,835,2.71,n,330.54,284.79,N20,VIIRS,D
16.12881,79.88101,2026-09-21,835,2.39,n,332.3,287.49,N20,VIIRS,D
17.26535,74.54819,2026-09-21,835,1.66,n,331.95,296.64,N20,VIIRS,D
14.17258,79.77721,2026-09-21,837,5.77,n,339.26,290.06,N20,VIIRS,D
18.53189,74.21118,2026-09-21,837,4.32,n,336.39,296.32,N20,VIIRS,D
18.5752,74.20631,2026-09-21,837,3.94,n,333.2,295.62,N20,VIIRS,D
19.36872,71.35416,2026-09-21,837,6.95,n,331.01,296.44,N20,VIIRS,D
21.10139,72.63651,2026-09-21,837,11.76,n,338.31,297.41,N20,VIIRS,D
21.10254,72.64495,2026-09-21,837,5.61,n,331.9,296.04,N20,VIIRS,D
21.10606,72.64441,2026-09-21,837,5.61,n,331.29,298.28,N20,VIIRS,D
21.10663,72.64863,2026-09-21,837,7.84,n,337.23,297.72,N20,VIIRS,D
22.41591,69.03825,2026-09-21,837,1.84,n,334.83,300.93,N20,VIIRS,D
23.05485,75.49236,2026-09-21,837,3.13,n,330.6,299.96,N20,VIIRS,D
23.31939,68.85848,2026-09-21,837,1.63,l,332.03,302.98,N20,VIIRS,D
23.49692,68.57902,2026-09-21,837,2.09,l,330.39,304.77,N20,VIIRS,D
25.01584,68.24071,2026-09-21,839,6.68,n,346.93,308.03,N20,VIIRS,D
25.38877,68.58386,2026-09-21,839,3.25,l,332.64,306.05,N20,VIIRS,D
25.53825,68.73872,2026-09-21,839,5.15,n,342.07,306.89,N20,VIIRS,D
26.09283,68.87831,2026-09-21,839,4.33,l,341.11,313.46,N20,VIIRS,D
26.78736,72.00406,2026-09-21,839,28.28,n,343.41,310.75,N20,VIIRS,D
27.98956,78.0635,2026-09-21,839,2.88,n,343.51,292.8,N20,VIIRS,D
28.05268,69.37067,2026-09-21,839,4.04,n,340.51,308.61,N20,VIIRS,D
28.08778,76.76397,2026-09-21,839,4.5,n,331.16,299.65,N20,VIIRS,D
29.309,70.6216,2026-09-21,839,3.26,l,335.34,307.66,N20,VIIRS,D
29.85072,72.76357,2026-09-21,839,3.25,n,335.83,307.22,N20,VIIRS,D
29.85735,73.49307,2026-09-21,839,1.54,l,338.52,309.99,N20,VIIRS,D
30.61767,76.83537,2026-09-21,839,1.83,n,336.04,298.68,N20,VIIRS,D
30.63943,73.62744,2026-09-21,839,6.56,n,342.94,304.34,N20,VIIRS,D
30.68269,74.2888,2026-09-21,839,2.03,n,334.25,298.16,N20,VIIRS,D
30.96133,74.4906,2026-09-21,839,3.81,n,334.36,302.93,N20,VIIRS,D
30.96164,74.49416,2026-09-21,839,6.72,l,330.2,303.02,N20,VIIRS,D
31.12406,74.65575,2026-09-21,839,6.04,n,337.36,297.85,N20,VIIRS,D
31.61766,72.48067,2026-09-21,839,3.77,n,331.81,300.84,N20,VIIRS,D
31.6198,74.80424,2026-09-21,839,3.68,n,337.8,299.07,N20,VIIRS,D
31.6217,74.80744,2026-09-21,839,6.74,n,341.5,298.73,N20,VIIRS,D
31.86408,74.67642,2026-09-21,839,4.2,n,337.54,298.27,N20,VIIRS,D
31.87112,73.95075,2026-09-21,839,6.12,n,335.6,300.17,N20,VIIRS,D
32.27012,75.37944,2026-09-21,839,7.02,n,341.02,296.6,N20,VIIRS,D
33.49643,70.35924,2026-09-21,841,3.58,n,342.77,304.57,N20,VIIRS,D
33.50005,70.35862,2026-09-21,841,5.93,n,336.33,303.65,N20,VIIRS,D
